7.258510112762451172e+00,3.920310020446777344e+00,4.444240093231201172e+00,4.867179870605468750e+00,6.737400054931640625e+00,5.323530197143554688e+00,4.254740238189697266e+00,2.561480045318603516e+00,0.000000000000000000e+00,9.354450225830078125e+00,3.264019966125488281e+00,1.933220028877258301e+00,5.033740043640136719e+00,3.277570009231567383e+00,6.921030044555664062e+00,6.840169906616210938e+00,8.405949592590332031e+00,3.923219919204711914e+00,6.360660076141357422e+00,3.386759996414184570e+00,2.247040033340454102e+00,3.726510047912597656e+00,3.546910047531127930e+00,6.406390190124511719e+00,2.185230016708374023e+00,4.633719921112060547e+00,6.728229999542236328e+00,8.202819824218750000e+00,2.319240093231201172e+00,7.203299999237060547e+00,1.063920021057128906e+01,1.608669996261596680e+00,5.237959861755371094e+00,2.220769882202148438e+00,8.701270103454589844e+00,4.915420055389404297e+00,4.392360210418701172e+00,2.868849992752075195e+00,9.998270034790039062e+00,2.773099899291992188e+00,1.121829986572265625e+01,1.118360042572021484e+01,6.490129947662353516e+00,7.227930068969726562e+00,2.299619913101196289e+00,7.138629913330078125e+00,3.594199895858764648e+00,4.072859764099121094e+00,3.642119884490966797e+00
5.370049953460693359e+00,4.309969902038574219e+00,3.157000064849853516e+00,4.152629852294921875e+00,6.489719867706298828e+00,5.288790225982666016e+00,2.959199905395507812e+00,1.942399978637695312e+00,0.000000000000000000e+00,6.931039810180664062e+00,2.611340045928955078e+00,1.569370031356811523e+00,4.325799942016601562e+00,3.020370006561279297e+00,6.123040199279785156e+00,5.281579971313476562e+00,6.935689926147460938e+00,3.367399930953979492e+00,5.359600067138671875e+00,2.783940076828002930e+00,2.266190052032470703e+00,3.645610094070434570e+00,1.930289983749389648e+00,4.856949806213378906e+00,2.052380084991455078e+00,3.757189989089965820e+00,5.018730163574218750e+00,6.498020172119140625e+00,2.595419883728027344e+00,6.754399776458740234e+00,9.085880279541015625e+00,1.515300035476684570e+00,3.894870042800903320e+00,1.660120010375976562e+00,5.956799983978271484e+00,3.671930074691772461e+00,3.366960048675537109e+00,3.990230083465576172e+00,7.388160228729248047e+00,2.679440021514892578e+00,8.428649902343750000e+00,1.000699996948242188e+01,5.032649993896484375e+00,5.903399944305419922e+00,2.144769906997680664e+00,4.880149841308593750e+00,3.255470037460327148e+00,3.332750082015991211e+00,4.031789779663085938e+00
5.641550064086914062e+00,6.499499797821044922e+00,4.378809928894042969e+00,4.302599906921386719e+00,6.305270195007324219e+00,5.874249935150146484e+00,2.897469997406005859e+00,2.302160024642944336e+00,0.000000000000000000e+00,6.760230064392089844e+00,2.590310096740722656e+00,1.458330035209655762e+00,4.515510082244873047e+00,3.059770107269287109e+00,6.406599998474121094e+00,7.474969863891601562e+00,7.106999874114990234e+00,4.154039859771728516e+00,5.822740077972412109e+00,3.994240045547485352e+00,2.176729917526245117e+00,3.265589952468872070e+00,5.894309997558593750e+00,5.181799888610839844e+00,2.119119882583618164e+00,4.015659809112548828e+00,4.134449958801269531e+00,5.818369865417480469e+00,2.729749917984008789e+00,7.164050102233886719e+00,9.461239814758300781e+00,1.245900034904479980e+00,4.989930152893066406e+00,2.076560020446777344e+00,8.627229690551757812e+00,3.177969932556152344e+00,3.646239995956420898e+00,5.904129981994628906e+00,6.730179786682128906e+00,3.156860113143920898e+00,8.592780113220214844e+00,1.060009956359863281e+01,6.661709785461425781e+00,5.745049953460693359e+00,2.738590002059936523e+00,4.219639778137207031e+00,3.406349897384643555e+00,3.979209899902343750e+00,5.007979869842529297e+00
6.662139892578125000e+00,5.953879833221435547e+00,5.295839786529541016e+00,4.802730083465576172e+00,7.434179782867431641e+00,7.331140041351318359e+00,3.468750000000000000e+00,1.728839993476867676e+00,0.000000000000000000e+00,6.605169773101806641e+00,2.501760005950927734e+00,1.819620013236999512e+00,5.517169952392578125e+00,5.036880016326904297e+00,6.255489826202392578e+00,7.788899898529052734e+00,8.213620185852050781e+00,5.020500183105468750e+00,6.647449970245361328e+00,4.270229816436767578e+00,3.260109901428222656e+00,3.919689893722534180e+00,8.077360153198242188e+00,5.808139801025390625e+00,3.155800104141235352e+00,4.383880138397216797e+00,4.946410179138183594e+00,5.324570178985595703e+00,3.076240062713623047e+00,7.748429775238037109e+00,8.869150161743164062e+00,1.826310038566589355e+00,6.298029899597167969e+00,3.204119920730590820e+00,8.961339950561523438e+00,3.375550031661987305e+00,4.097439765930175781e+00,5.618579864501953125e+00,7.436900138854980469e+00,3.636019945144653320e+00,8.581649780273437500e+00,1.081210041046142578e+01,7.365650177001953125e+00,6.596529960632324219e+00,3.343339920043945312e+00,4.416810035705566406e+00,3.838570117950439453e+00,5.539949893951416016e+00,6.133669853210449219e+00
9.027190208435058594e+00,1.012779998779296875e+01,4.426819801330566406e+00,4.982089996337890625e+00,7.879990100860595703e+00,9.085559844970703125e+00,3.405719995498657227e+00,2.600140094757080078e+00,0.000000000000000000e+00,7.981130123138427734e+00,3.040539979934692383e+00,1.747419953346252441e+00,6.721260070800781250e+00,4.939080238342285156e+00,7.773560047149658203e+00,9.325070381164550781e+00,1.026889991760253906e+01,5.546259880065917969e+00,7.307750225067138672e+00,4.942059993743896484e+00,3.716259956359863281e+00,4.845459938049316406e+00,9.088120460510253906e+00,6.968729972839355469e+00,3.738159894943237305e+00,5.202189922332763672e+00,4.279669761657714844e+00,4.765620231628417969e+00,4.384789943695068359e+00,8.006629943847656250e+00,8.159799575805664062e+00,1.661849975585937500e+00,6.968120098114013672e+00,4.631340026855468750e+00,9.443220138549804688e+00,3.259020090103149414e+00,4.913939952850341797e+00,8.398619651794433594e+00,9.454999923706054688e+00,3.788100004196166992e+00,9.969900131225585938e+00,1.121490001678466797e+01,7.494609832763671875e+00,7.945909976959228516e+00,5.407440185546875000e+00,4.690030097961425781e+00,4.802050113677978516e+00,8.153619766235351562e+00,6.702859878540039062e+00
9.174579620361328125e+00,7.181620121002197266e+00,4.285140037536621094e+00,5.055180072784423828e+00,7.644909858703613281e+00,1.020909976959228516e+01,2.762049913406372070e+00,1.059139966964721680e+00,0.000000000000000000e+00,7.757520198822021484e+00,3.962699890136718750e+00,1.690819978713989258e+00,7.401999950408935547e+00,6.493040084838867188e+00,8.436519622802734375e+00,1.109169960021972656e+01,1.095470046997070312e+01,6.266479969024658203e+00,6.839660167694091797e+00,5.218900203704833984e+00,4.116290092468261719e+00,5.362120151519775391e+00,9.093990325927734375e+00,6.834189891815185547e+00,3.675869941711425781e+00,6.176410198211669922e+00,5.157010078430175781e+00,5.005730152130126953e+00,4.831140041351318359e+00,7.871699810028076172e+00,7.767199993133544922e+00,1.707260012626647949e+00,7.515620231628417969e+00,4.427219867706298828e+00,1.024790000915527344e+01,3.029269933700561523e+00,5.078149795532226562e+00,9.114740371704101562e+00,1.257830047607421875e+01,4.054049968719482422e+00,9.316900253295898438e+00,1.079909992218017578e+01,7.276370048522949219e+00,8.927989959716796875e+00,5.224030017852783203e+00,4.190649986267089844e+00,5.122570037841796875e+00,8.209250450134277344e+00,5.950560092926025391e+00
7.540110111236572266e+00,7.810840129852294922e+00,3.371570110321044922e+00,4.802010059356689453e+00,6.362780094146728516e+00,8.985289573669433594e+00,3.338829994201660156e+00,2.700779914855957031e+00,0.000000000000000000e+00,6.086569786071777344e+00,4.846610069274902344e+00,1.526720046997070312e+00,6.638450145721435547e+00,6.129089832305908203e+00,8.064299583435058594e+00,9.697629928588867188e+00,1.017739963531494141e+01,5.262249946594238281e+00,5.988009929656982422e+00,5.048530101776123047e+00,4.037010192871093750e+00,5.991320133209228516e+00,6.714940071105957031e+00,6.297359943389892578e+00,3.757489919662475586e+00,5.321619987487792969e+00,7.644529819488525391e+00,5.174479961395263672e+00,5.814489841461181641e+00,6.620319843292236328e+00,6.552410125732421875e+00,1.946820020675659180e+00,6.252910137176513672e+00,3.725430011749267578e+00,9.536890029907226562e+00,3.229860067367553711e+00,4.334770202636718750e+00,9.021840095520019531e+00,1.018840026855468750e+01,4.114940166473388672e+00,7.107170104980468750e+00,9.679739952087402344e+00,5.892459869384765625e+00,8.316349983215332031e+00,5.078129768371582031e+00,4.014989852905273438e+00,5.171549797058105469e+00,6.116740226745605469e+00,5.041110038757324219e+00
9.732029914855957031e+00,6.357820034027099609e+00,4.152160167694091797e+00,4.514100074768066406e+00,5.721499919891357422e+00,7.788579940795898438e+00,2.412620067596435547e+00,3.740649938583374023e+00,0.000000000000000000e+00,5.150320053100585938e+00,4.326069831848144531e+00,1.779360055923461914e+00,6.227119922637939453e+00,5.709469795227050781e+00,7.528800010681152344e+00,8.194649696350097656e+00,1.005200004577636719e+01,4.743700027465820312e+00,5.328760147094726562e+00,4.786890029907226562e+00,3.256520032882690430e+00,5.217299938201904297e+00,6.216310024261474609e+00,5.652629852294921875e+00,3.588409900665283203e+00,4.785289764404296875e+00,3.688760042190551758e+00,5.032599925994873047e+00,4.854810237884521484e+00,6.147029876708984375e+00,5.526730060577392578e+00,1.712730050086975098e+00,4.855669975280761719e+00,3.186609983444213867e+00,8.763190269470214844e+00,2.982569932937622070e+00,4.006849765777587891e+00,7.746610164642333984e+00,7.852129936218261719e+00,3.387909889221191406e+00,6.259319782257080078e+00,8.984800338745117188e+00,6.805399894714355469e+00,7.603990077972412109e+00,4.296649932861328125e+00,4.012730121612548828e+00,5.259809970855712891e+00,5.077370166778564453e+00,4.472980022430419922e+00
6.042290210723876953e+00,9.988630294799804688e+00,3.008029937744140625e+00,4.229320049285888672e+00,5.406829833984375000e+00,6.399040222167968750e+00,2.523979902267456055e+00,3.514820098876953125e+00,0.000000000000000000e+00,4.545800209045410156e+00,3.963829994201660156e+00,2.292079925537109375e+00,5.554359912872314453e+00,5.542769908905029297e+00,6.250919818878173828e+00,7.957469940185546875e+00,9.917180061340332031e+00,3.617700099945068359e+00,5.269849777221679688e+00,4.777130126953125000e+00,2.722870111465454102e+00,5.400119781494140625e+00,8.976579666137695312e+00,5.868370056152343750e+00,3.734819889068603516e+00,4.086299896240234375e+00,5.519800186157226562e+00,4.881629943847656250e+00,4.347829818725585938e+00,5.206339836120605469e+00,4.998640060424804688e+00,1.740489959716796875e+00,3.784709930419921875e+00,3.654050111770629883e+00,7.775139808654785156e+00,3.601099967956542969e+00,4.014339923858642578e+00,5.376520156860351562e+00,7.620639801025390625e+00,3.364949941635131836e+00,5.535180091857910156e+00,7.767670154571533203e+00,5.229390144348144531e+00,7.136310100555419922e+00,3.852849960327148438e+00,4.333099842071533203e+00,4.728069782257080078e+00,5.506279945373535156e+00,4.001739978790283203e+00
6.325489997863769531e+00,4.901569843292236328e+00,2.318160057067871094e+00,3.991470098495483398e+00,5.829790115356445312e+00,6.194149971008300781e+00,2.741440057754516602e+00,2.467230081558227539e+00,0.000000000000000000e+00,5.444550037384033203e+00,3.814630031585693359e+00,2.927930116653442383e+00,5.510529994964599609e+00,5.370840072631835938e+00,5.968100070953369141e+00,8.096549987792968750e+00,9.776650428771972656e+00,3.530620098114013672e+00,5.271580219268798828e+00,4.657360076904296875e+00,2.923880100250244141e+00,5.178349971771240234e+00,9.831819534301757812e+00,5.215060234069824219e+00,4.511209964752197266e+00,4.285999774932861328e+00,4.332019805908203125e+00,4.740059852600097656e+00,2.740410089492797852e+00,6.417560100555419922e+00,4.833399772644042969e+00,1.629480004310607910e+00,3.693739891052246094e+00,3.013940095901489258e+00,7.674990177154541016e+00,4.778369903564453125e+00,3.954299926757812500e+00,4.381629943847656250e+00,8.035479545593261719e+00,3.400549888610839844e+00,5.919209957122802734e+00,8.066129684448242188e+00,5.696859836578369141e+00,7.158199787139892578e+00,3.893150091171264648e+00,6.582709789276123047e+00,4.612229824066162109e+00,5.809279918670654297e+00,2.463959932327270508e+00
6.105609893798828125e+00,3.255300045013427734e+00,2.980420112609863281e+00,4.270110130310058594e+00,7.648069858551025391e+00,7.014609813690185547e+00,3.928420066833496094e+00,2.278939962387084961e+00,0.000000000000000000e+00,8.084460258483886719e+00,3.685930013656616211e+00,2.776099920272827148e+00,6.208759784698486328e+00,3.849699974060058594e+00,5.908699989318847656e+00,7.146540164947509766e+00,1.122010040283203125e+01,4.598619937896728516e+00,6.614220142364501953e+00,5.041019916534423828e+00,3.524490118026733398e+00,4.382269859313964844e+00,8.392760276794433594e+00,5.496059894561767578e+00,4.872739791870117188e+00,4.774539947509765625e+00,5.698259830474853516e+00,5.729469776153564453e+00,1.798560023307800293e+00,8.692339897155761719e+00,5.800809860229492188e+00,1.907199978828430176e+00,6.122759819030761719e+00,2.895620107650756836e+00,7.912479877471923828e+00,5.900859832763671875e+00,5.066180229187011719e+00,3.032929897308349609e+00,9.620869636535644531e+00,3.296700000762939453e+00,7.082799911499023438e+00,6.973309993743896484e+00,5.956540107727050781e+00,8.191949844360351562e+00,4.280680179595947266e+00,6.530109882354736328e+00,5.755149841308593750e+00,4.696909904479980469e+00,3.258029937744140625e+00
6.645860195159912109e+00,3.375089883804321289e+00,3.581949949264526367e+00,4.922359943389892578e+00,6.940149784088134766e+00,7.409930229187011719e+00,4.893740177154541016e+00,3.383460044860839844e+00,0.000000000000000000e+00,8.968409538269042969e+00,2.553960084915161133e+00,3.154570102691650391e+00,7.091469764709472656e+00,4.405290126800537109e+00,7.245580196380615234e+00,5.268119812011718750e+00,1.289260005950927734e+01,6.614120006561279297e+00,8.077179908752441406e+00,6.699769973754882812e+00,2.542289972305297852e+00,3.616600036621093750e+00,7.023139953613281250e+00,5.859039783477783203e+00,4.542029857635498047e+00,5.133629798889160156e+00,7.459869861602783203e+00,5.750279903411865234e+00,1.351349949836730957e+00,1.305160045623779297e+01,5.819220066070556641e+00,1.546120047569274902e+00,7.903470039367675781e+00,3.148869991302490234e+00,8.416549682617187500e+00,6.723760128021240234e+00,6.572619915008544922e+00,1.396649956703186035e+00,9.828169822692871094e+00,3.273969888687133789e+00,7.461919784545898438e+00,8.178990364074707031e+00,6.337389945983886719e+00,7.379839897155761719e+00,4.811250209808349609e+00,6.208509922027587891e+00,6.345799922943115234e+00,4.152709960937500000e+00,4.868509769439697266e+00
4.647150039672851562e+00,3.212620019912719727e+00,3.646090030670166016e+00,3.620039939880371094e+00,4.467750072479248047e+00,7.155660152435302734e+00,5.283299922943115234e+00,5.952379703521728516e-01,0.000000000000000000e+00,7.303709983825683594e+00,1.558439970016479492e+00,4.250559806823730469e+00,5.101130008697509766e+00,1.896729946136474609e+00,6.123879909515380859e+00,3.007369995117187500e+00,1.152639961242675781e+01,5.483709812164306641e+00,6.618929862976074219e+00,2.815799951553344727e+00,1.826859951019287109e+00,2.318670034408569336e+00,3.745929956436157227e+00,4.700520038604736328e+00,3.568589925765991211e+00,3.478770017623901367e+00,5.245900154113769531e+00,3.324840068817138672e+00,5.733940005302429199e-01,1.613179969787597656e+01,4.444300174713134766e+00,1.215240001678466797e+00,7.980810165405273438e+00,2.149339914321899414e+00,8.796509742736816406e+00,5.240779876708984375e+00,4.899759769439697266e+00,3.926700055599212646e-01,6.573460102081298828e+00,1.777780055999755859e+00,6.101329803466796875e+00,4.736259937286376953e+00,3.719650030136108398e+00,4.603459835052490234e+00,4.792329788208007812e+00,3.975009918212890625e+00,4.454820156097412109e+00,2.919490098953247070e+00,3.496500015258789062e+00
3.238929986953735352e+00,8.583689928054809570e-01,2.939399957656860352e+00,2.596260070800781250e+00,3.467780113220214844e+00,6.322949886322021484e+00,4.430759906768798828e+00,2.670229971408843994e-01,0.000000000000000000e+00,5.294079780578613281e+00,1.056800007820129395e+00,5.528260231018066406e+00,4.016220092773437500e+00,7.246379852294921875e-01,4.176249980926513672e+00,1.679350018501281738e+00,8.660699844360351562e+00,5.153339862823486328e+00,5.319270133972167969e+00,2.103229999542236328e+00,1.094499945640563965e+00,2.191030025482177734e+00,1.173020005226135254e+00,4.097080230712890625e+00,2.265660047531127930e+00,2.197449922561645508e+00,3.076060056686401367e+00,2.494519948959350586e+00,5.988019704818725586e-01,1.509920024871826172e+01,2.913700103759765625e+00,1.311579942703247070e+00,7.097410202026367188e+00,1.746320009231567383e+00,7.766349792480468750e+00,3.600339889526367188e+00,3.667429924011230469e+00,7.230660319328308105e-02,4.370999813079833984e+00,1.557029962539672852e+00,3.956209897994995117e+00,3.403789997100830078e+00,2.682830095291137695e+00,3.441620111465454102e+00,4.240449905395507812e+00,2.463740110397338867e+00,3.472539901733398438e+00,2.162610054016113281e+00,2.497809886932373047e+00
2.304529905319213867e+00,1.025640010833740234e+00,1.877390027046203613e+00,2.075779914855957031e+00,2.364500045776367188e+00,4.759049892425537109e+00,4.114570140838623047e+00,0.000000000000000000e+00,0.000000000000000000e+00,4.055439949035644531e+00,6.662970185279846191e-01,2.658960103988647461e+00,2.866950035095214844e+00,5.901640057563781738e-01,2.417140007019042969e+00,1.477329969406127930e+00,5.898550033569335938e+00,4.298389911651611328e+00,4.596940040588378906e+00,1.001850008964538574e+00,1.080909967422485352e+00,1.558779954910278320e+00,9.070289731025695801e-01,3.121390104293823242e+00,1.532699942588806152e+00,1.626809954643249512e+00,1.109060049057006836e+00,2.358769893646240234e+00,4.184100031852722168e-01,1.215130043029785156e+01,2.105750083923339844e+00,1.047180056571960449e+00,4.768630027770996094e+00,1.011890053749084473e+00,3.879029989242553711e+00,2.522119998931884766e+00,2.730240106582641602e+00,0.000000000000000000e+00,4.594729900360107422e+00,7.591440081596374512e-01,2.755939960479736328e+00,2.953550100326538086e+00,2.402050018310546875e+00,2.879899978637695312e+00,2.640110015869140625e+00,1.582929968833923340e+00,3.238409996032714844e+00,6.691160202026367188e-01,1.617509961128234863e+00
2.067600011825561523e+00,4.993759989738464355e-01,2.154510021209716797e+00,1.558670043945312500e+00,1.621819972991943359e+00,4.647749900817871094e+00,3.930130004882812500e+00,0.000000000000000000e+00,0.000000000000000000e+00,2.981139898300170898e+00,4.370630085468292236e-01,4.180419921875000000e+00,2.399219989776611328e+00,3.651860058307647705e-01,1.767750024795532227e+00,1.019770026206970215e+00,4.259870052337646484e+00,3.720259904861450195e+00,3.712820053100585938e+00,9.123650193214416504e-01,6.779329776763916016e-01,1.258990049362182617e+00,5.891020298004150391e-01,2.506500005722045898e+00,1.104879975318908691e+00,1.274440050125122070e+00,1.332679986953735352e+00,1.838240027427673340e+00,5.133470296859741211e-01,8.083559989929199219e+00,1.997789978981018066e+00,8.634470105171203613e-01,3.304460048675537109e+00,8.824830055236816406e-01,3.094189882278442383e+00,1.612130045890808105e+00,2.036849975585937500e+00,0.000000000000000000e+00,2.848949909210205078e+00,5.817450284957885742e-01,1.898169994354248047e+00,2.114860057830810547e+00,1.342859983444213867e+00,2.594530105590820312e+00,1.972689986228942871e+00,1.182049989700317383e+00,3.119159936904907227e+00,3.948929905891418457e-01,1.006710052490234375e+00
1.480280041694641113e+00,2.849000096321105957e-01,1.923979997634887695e+00,1.286509990692138672e+00,1.282050013542175293e+00,2.645829916000366211e+00,3.674949884414672852e+00,1.116070002317428589e-01,0.000000000000000000e+00,2.296040058135986328e+00,7.633590102195739746e-01,4.306719779968261719e+00,2.028830051422119141e+00,3.546099960803985596e-01,1.870599985122680664e+00,1.062250018119812012e+00,3.699460029602050781e+00,2.905639886856079102e+00,3.790299892425537109e+00,6.711410284042358398e-01,6.174139976501464844e-01,1.486320018768310547e+00,1.356849968433380127e-01,2.609030008316040039e+00,9.841759800910949707e-01,1.255130052566528320e+00,1.027240037918090820e+00,1.288220047950744629e+00,1.039500012993812561e-01,5.267300128936767578e+00,1.519440054893493652e+00,5.887209773063659668e-01,2.001440048217773438e+00,1.353340029716491699e+00,3.182689905166625977e+00,1.530990004539489746e+00,1.525230050086975098e+00,7.513149827718734741e-02,2.398040056228637695e+00,4.382759928703308105e-01,1.762920022010803223e+00,2.011919975280761719e+00,1.405740022659301758e+00,1.948519945144653320e+00,1.010949969291687012e+00,1.074929952621459961e+00,3.134799957275390625e+00,5.128819942474365234e-01,1.659960031509399414e+00
1.257940053939819336e+00,3.993149995803833008e-01,1.239959955215454102e+00,1.258520007133483887e+00,8.597530126571655273e-01,1.657340049743652344e+00,3.966840028762817383e+00,0.000000000000000000e+00,0.000000000000000000e+00,1.993800044059753418e+00,6.352769732475280762e-01,2.314810037612915039e+00,1.778959989547729492e+00,2.230899930000305176e-01,1.490569949150085449e+00,1.063289999961853027e+00,2.860160112380981445e+00,2.411679983139038086e+00,3.653160095214843750e+00,6.257680058479309082e-01,3.888779878616333008e-01,1.622149944305419922e+00,8.571429848670959473e-01,1.614099979400634766e+00,6.778060197830200195e-01,9.712650179862976074e-01,1.146379947662353516e+00,1.060799956321716309e+00,1.533740013837814331e-01,4.092460155487060547e+00,1.159010052680969238e+00,8.286880254745483398e-01,1.279549956321716309e+00,1.105059981346130371e+00,2.070110082626342773e+00,1.019359946250915527e+00,1.218060016632080078e+00,7.621949911117553711e-02,1.656229972839355469e+00,2.248750030994415283e-01,1.356719970703125000e+00,1.506590008735656738e+00,1.091019988059997559e+00,1.650789976119995117e+00,1.445780038833618164e+00,9.700769782066345215e-01,3.055480003356933594e+00,5.558180212974548340e-01,8.252429962158203125e-01
1.050619959831237793e+00,5.309730172157287598e-01,1.318789958953857422e+00,1.111240029335021973e+00,7.156710028648376465e-01,1.356860041618347168e+00,3.330240011215209961e+00,0.000000000000000000e+00,0.000000000000000000e+00,1.711799979209899902e+00,4.160889983177185059e-01,2.644959926605224609e+00,1.458510041236877441e+00,4.098359942436218262e-01,9.389669895172119141e-01,7.141309976577758789e-01,2.505990028381347656e+00,1.922160029411315918e+00,2.814059972763061523e+00,5.896959900856018066e-01,2.411839962005615234e-01,1.877509951591491699e+00,2.460020035505294800e-01,1.558599948883056641e+00,5.635949969291687012e-01,9.544630050659179688e-01,8.640289902687072754e-01,1.191490054130554199e+00,9.233610332012176514e-02,2.692630052566528320e+00,1.263470053672790527e+00,3.523609936237335205e-01,9.662600159645080566e-01,8.639630079269409180e-01,1.375550031661987305e+00,1.034649968147277832e+00,9.412299990653991699e-01,0.000000000000000000e+00,1.363819956779479980e+00,4.471679925918579102e-01,1.179620027542114258e+00,1.245589971542358398e+00,1.021870017051696777e+00,1.455850005149841309e+00,1.264039993286132812e+00,8.413720130920410156e-01,3.349750041961669922e+00,4.636189937591552734e-01,8.695650100708007812e-01
1.104419946670532227e+00,1.108029961585998535e+00,1.220379948616027832e+00,1.133579969406127930e+00,7.400879859924316406e-01,1.264340043067932129e+00,2.409970045089721680e+00,0.000000000000000000e+00,0.000000000000000000e+00,1.554700016975402832e+00,5.181350111961364746e-01,3.099169969558715820e+00,1.193269968032836914e+00,1.047120019793510437e-01,1.073940038681030273e+00,6.309829950332641602e-01,2.212990045547485352e+00,1.728919982910156250e+00,2.214550018310546875e+00,5.616319775581359863e-01,3.300330042839050293e-01,1.009960055351257324e+00,1.085779964923858643e-01,1.339560031890869141e+00,3.553659915924072266e-01,9.881179928779602051e-01,7.194240093231201172e-01,8.623970150947570801e-01,0.000000000000000000e+00,2.323990106582641602e+00,1.091320037841796875e+00,6.370419859886169434e-01,7.755209803581237793e-01,1.065889954566955566e+00,1.177790045738220215e+00,9.389209747314453125e-01,9.861980080604553223e-01,0.000000000000000000e+00,8.416029810905456543e-01,4.579379856586456299e-01,1.227519989013671875e+00,1.154889941215515137e+00,8.077260255813598633e-01,1.218129992485046387e+00,1.478899955749511719e+00,6.205419898033142090e-01,3.652420043945312500e+00,9.765629768371582031e-01,1.054409980773925781e+00
1.033769965171813965e+00,7.398809790611267090e-01,1.224650025367736816e+00,1.060590028762817383e+00,5.672609806060791016e-01,9.397829771041870117e-01,2.022449970245361328e+00,0.000000000000000000e+00,0.000000000000000000e+00,1.457090020179748535e+00,4.507409930229187012e-01,0.000000000000000000e+00,9.604610204696655273e-01,1.103750020265579224e-01,6.876720190048217773e-01,4.530229866504669189e-01,2.248539924621582031e+00,1.282009959220886230e+00,2.103149890899658203e+00,4.650740027427673340e-01,1.301780045032501221e-01,4.385319948196411133e-01,0.000000000000000000e+00,1.185629963874816895e+00,5.893599987030029297e-01,1.008030056953430176e+00,2.763519883155822754e-01,8.973900079727172852e-01,0.000000000000000000e+00,1.626440048217773438e+00,8.148589730262756348e-01,7.449100017547607422e-01,6.834160089492797852e-01,5.733010172843933105e-01,7.159900069236755371e-01,9.774169921875000000e-01,8.009179830551147461e-01,2.977670133113861084e-01,8.953819870948791504e-01,3.533569872379302979e-01,1.063899993896484375e+00,1.170850038528442383e+00,9.012560248374938965e-01,1.092800021171569824e+00,9.084029793739318848e-01,5.736269950866699219e-01,4.004779815673828125e+00,4.986700117588043213e-01,4.482479989528656006e-01
8.841050267219543457e-01,7.963669896125793457e-01,1.239940047264099121e+00,1.036120057106018066e+00,5.588470101356506348e-01,8.439859747886657715e-01,4.368549883365631104e-01,0.000000000000000000e+00,0.000000000000000000e+00,1.244199991226196289e+00,2.490659952163696289e-01,2.452029943466186523e+00,7.816389799118041992e-01,1.662050038576126099e-01,1.001770019531250000e+00,4.274969995021820068e-01,1.932569980621337891e+00,1.000169992446899414e+00,1.551769971847534180e+00,3.920170068740844727e-01,4.131770133972167969e-01,4.909479916095733643e-01,1.485880017280578613e-01,1.527809977531433105e+00,4.764930009841918945e-01,8.464949727058410645e-01,4.176160097122192383e-01,6.583070158958435059e-01,0.000000000000000000e+00,1.222509980201721191e+00,6.949660181999206543e-01,7.073249816894531250e-01,4.812470078468322754e-01,5.339620113372802734e-01,8.588420152664184570e-01,7.203710079193115234e-01,6.026030182838439941e-01,2.418960034847259521e-01,8.210939764976501465e-01,4.860660135746002197e-01,9.836069941520690918e-01,1.179029941558837891e+00,9.614279866218566895e-01,8.075799942016601562e-01,3.939830064773559570e-01,6.281980276107788086e-01,8.706719875335693359e-01,7.531970143318176270e-01,3.277150094509124756e-01
8.803240060806274414e-01,9.095469713211059570e-01,1.172580003738403320e+00,8.411840200424194336e-01,3.185040056705474854e-01,5.952140092849731445e-01,1.496090054512023926e+00,0.000000000000000000e+00,0.000000000000000000e+00,1.253049969673156738e+00,4.116530120372772217e-01,3.552399873733520508e-01,6.451500058174133301e-01,2.549720108509063721e-01,7.313230037689208984e-01,7.065889835357666016e-01,2.064450025558471680e+00,9.707530140876770020e-01,1.159060001373291016e+00,3.509390056133270264e-01,3.195579946041107178e-01,5.070049762725830078e-01,1.175090000033378601e-01,9.708740115165710449e-01,3.670850098133087158e-01,6.460610032081604004e-01,7.861639857292175293e-01,7.358859777450561523e-01,0.000000000000000000e+00,1.081670045852661133e+00,4.787589907646179199e-01,7.067689895629882812e-01,4.286510050296783447e-01,5.833070278167724609e-01,8.119660019874572754e-01,9.324830174446105957e-01,5.571900010108947754e-01,1.032819971442222595e-01,6.947510242462158203e-01,3.743239939212799072e-01,1.083829998970031738e+00,1.295840024948120117e+00,8.539530038833618164e-01,6.585149765014648438e-01,7.954549789428710938e-01,5.751960277557373047e-01,5.640450119972229004e-01,4.382959902286529541e-01,3.147130012512207031e-01
8.891569972038269043e-01,7.414799928665161133e-01,1.499459981918334961e+00,8.689299821853637695e-01,3.604980111122131348e-01,5.265600085258483887e-01,1.480990052223205566e+00,0.000000000000000000e+00,0.000000000000000000e+00,1.175650000572204590e+00,3.907519876956939697e-01,4.942339956760406494e-01,5.316359996795654297e-01,1.472620010375976562e+00,6.697180271148681641e-01,3.706200122833251953e-01,2.148469924926757812e+00,8.260809779167175293e-01,8.564170002937316895e-01,3.137190043926239014e-01,3.287720084190368652e-01,5.159289836883544922e-01,1.107420027256011963e-01,1.081529974937438965e+00,4.506070017814636230e-01,6.654499769210815430e-01,3.325940072536468506e-01,5.567929744720458984e-01,2.279639989137649536e-01,9.920830130577087402e-01,6.344649791717529297e-01,7.578430175781250000e-01,4.007070064544677734e-01,5.091969966888427734e-01,6.631019711494445801e-01,8.205959796905517578e-01,5.336279869079589844e-01,1.575160026550292969e-01,6.254640221595764160e-01,2.435899972915649414e-01,9.382349848747253418e-01,1.484449982643127441e+00,8.176609873771667480e-01,5.142120122909545898e-01,6.232690215110778809e-01,5.714650154113769531e-01,5.700740218162536621e-01,5.775579810142517090e-01,5.821210145950317383e-01
9.602119922637939453e-01,7.753430008888244629e-01,1.705389976501464844e+00,9.904630184173583984e-01,3.718970119953155518e-01,4.869720041751861572e-01,1.232460021972656250e+00,0.000000000000000000e+00,0.000000000000000000e+00,1.494099974632263184e+00,5.146350264549255371e-01,0.000000000000000000e+00,3.915489912033081055e-01,1.072119951248168945e+00,7.668370008468627930e-01,4.143649935722351074e-01,2.098710060119628906e+00,7.055810093879699707e-01,9.279059767723083496e-01,3.127929866313934326e-01,2.462359964847564697e-01,5.037459731101989746e-01,6.312990188598632812e-01,1.582149982452392578e+00,4.566209912300109863e-01,7.254840135574340820e-01,6.049150228500366211e-01,5.611670017242431641e-01,1.454550027847290039e-01,1.050519943237304688e+00,4.903090000152587891e-01,7.153729796409606934e-01,4.588040113449096680e-01,4.724940061569213867e-01,5.652080178260803223e-01,7.871140241622924805e-01,5.215150117874145508e-01,9.722369909286499023e-02,1.422610044479370117e+00,3.951010107994079590e-01,1.084509968757629395e+00,1.570129990577697754e+00,7.770689725875854492e-01,5.625219941139221191e-01,3.666670024394989014e-01,4.478150010108947754e-01,6.800659894943237305e-01,6.375520229339599609e-01,5.187109708786010742e-01
1.071460008621215820e+00,8.355990052223205566e-01,1.721019983291625977e+00,1.328410029411315918e+00,4.294390082359313965e-01,4.962689876556396484e-01,1.439960002899169922e+00,0.000000000000000000e+00,0.000000000000000000e+00,1.860020041465759277e+00,1.194949984550476074e+00,9.456260204315185547e-01,6.374679803848266602e-01,1.250599980354309082e+00,8.711599707603454590e-01,3.220340013504028320e-01,2.946480035781860352e+00,7.269510030746459961e-01,7.927939891815185547e-01,3.813079893589019775e-01,3.376719951629638672e-01,5.095360279083251953e-01,6.667630076408386230e-01,1.763200044631958008e+00,7.493619918823242188e-01,7.675399780273437500e-01,4.424780011177062988e-01,4.297049939632415771e-01,2.259040027856826782e-01,1.104339957237243652e+00,6.751940250396728516e-01,9.469149708747863770e-01,3.601990044116973877e-01,5.307999849319458008e-01,6.896550059318542480e-01,7.666770219802856445e-01,6.505349874496459961e-01,1.417579948902130127e-01,1.539170026779174805e+00,4.679990112781524658e-01,1.266049981117248535e+00,2.004719972610473633e+00,7.954599857330322266e-01,6.067199707031250000e-01,6.862750053405761719e-01,5.569530129432678223e-01,8.469380140304565430e-01,7.487890124320983887e-01,3.571430146694183350e-01
1.328330039978027344e+00,9.632999897003173828e-01,1.930379986763000488e+00,1.533769965171813965e+00,5.138360261917114258e-01,5.262240171432495117e-01,1.007899999618530273e+00,0.000000000000000000e+00,0.000000000000000000e+00,2.575500011444091797e+00,1.000910043716430664e+00,1.597480058670043945e+00,6.335539817810058594e-01,7.734810113906860352e-01,1.121739983558654785e+00,8.763189911842346191e-01,3.159630060195922852e+00,6.065509915351867676e-01,8.121950030326843262e-01,4.277229905128479004e-01,1.931550055742263794e-01,7.391250133514404297e-01,8.594840168952941895e-01,1.297979950904846191e+00,8.944839835166931152e-01,8.125780224800109863e-01,9.009010195732116699e-01,6.068239808082580566e-01,9.242139756679534912e-02,1.138419985771179199e+00,8.348739743232727051e-01,9.372339844703674316e-01,4.246889948844909668e-01,4.561370015144348145e-01,6.002399921417236328e-01,1.041000008583068848e+00,6.199160218238830566e-01,2.987230122089385986e-01,1.927979946136474609e+00,3.131229877471923828e-01,1.545979976654052734e+00,2.274679899215698242e+00,8.689810037612915039e-01,6.831219792366027832e-01,7.628290057182312012e-01,6.807469725608825684e-01,8.449509739875793457e-01,6.656799912452697754e-01,2.773930132389068604e-01
1.610919952392578125e+00,1.126420021057128906e+00,1.345250010490417480e+00,1.621840000152587891e+00,5.426999926567077637e-01,6.479550004005432129e-01,7.910730242729187012e-01,7.370700240135192871e-01,0.000000000000000000e+00,3.215929985046386719e+00,7.407410144805908203e-01,1.602220058441162109e+00,7.302899956703186035e-01,4.864859879016876221e-01,1.606879949569702148e+00,8.135830163955688477e-01,4.017720222473144531e+00,6.268380284309387207e-01,1.051100015640258789e+00,3.039959967136383057e-01,3.189170062541961670e-01,7.312800288200378418e-01,9.422109723091125488e-01,1.815350055694580078e+00,7.756749987602233887e-01,9.346590042114257812e-01,8.176320195198059082e-01,7.561849951744079590e-01,1.545599997043609619e-01,1.183200001716613770e+00,8.518779873847961426e-01,5.697630047798156738e-01,4.657109975814819336e-01,7.140669822692871094e-01,8.668850064277648926e-01,9.972199797630310059e-01,6.499590277671813965e-01,1.979809999465942383e-01,2.061959981918334961e+00,5.214650034904479980e-01,1.661399960517883301e+00,2.004849910736083984e+00,9.596359729766845703e-01,7.813709974288940430e-01,5.535060167312622070e-01,6.545029878616333008e-01,8.591070175170898438e-01,6.102480292320251465e-01,2.382840067148208618e-01
1.590510010719299316e+00,9.734740257263183594e-01,1.154369950294494629e+00,1.552559971809387207e+00,5.302230119705200195e-01,5.219280123710632324e-01,8.476629853248596191e-01,4.961589872837066650e-01,0.000000000000000000e+00,3.258399963378906250e+00,4.930390119552612305e-01,2.042289972305297852e+00,7.290899753570556641e-01,1.418069958686828613e+00,1.550719976425170898e+00,8.380399942398071289e-01,3.935029983520507812e+00,6.194599866867065430e-01,1.240849971771240234e+00,4.011380076408386230e-01,2.433830052614212036e-01,7.518799901008605957e-01,9.793369770050048828e-01,1.663390040397644043e+00,7.275249958038330078e-01,8.735929727554321289e-01,7.484539747238159180e-01,6.287050247192382812e-01,1.410440057516098022e-01,1.211339950561523438e+00,8.600469827651977539e-01,7.028930187225341797e-01,5.095570087432861328e-01,8.761489987373352051e-01,7.656069993972778320e-01,8.619199991226196289e-01,7.518929839134216309e-01,2.972060143947601318e-01,2.028249979019165039e+00,5.402809977531433105e-01,1.631070017814636230e+00,1.935109972953796387e+00,7.292550206184387207e-01,8.244130015373229980e-01,6.481480002403259277e-01,7.137470245361328125e-01,9.511179924011230469e-01,2.920379936695098877e-01,9.823179990053176880e-02
1.226510047912597656e+00,9.954509735107421875e-01,9.903100132942199707e-01,1.385619997978210449e+00,5.130990147590637207e-01,5.838850140571594238e-01,6.700029969215393066e-01,5.312579870223999023e-01,0.000000000000000000e+00,2.582619905471801758e+00,5.849750041961669922e-01,1.631250023841857910e+00,7.981699705123901367e-01,2.093139886856079102e+00,1.647269964218139648e+00,1.086249947547912598e+00,3.528500080108642578e+00,5.571659803390502930e-01,1.162590026855468750e+00,3.332839906215667725e-01,2.056770026683807373e-01,9.373350143432617188e-01,8.206369876861572266e-01,1.762210011482238770e+00,5.718820095062255859e-01,8.334760069847106934e-01,6.017699837684631348e-01,7.986869812011718750e-01,4.021449983119964600e-01,1.137509942054748535e+00,8.627399802207946777e-01,5.723630189895629883e-01,5.232250094413757324e-01,7.526999711990356445e-01,4.689089953899383545e-01,8.908740282058715820e-01,6.431670188903808594e-01,2.670989930629730225e-01,2.197180032730102539e+00,5.128210186958312988e-01,1.345669984817504883e+00,1.756710052490234375e+00,9.024720191955566406e-01,8.121160268783569336e-01,6.263700127601623535e-01,5.598790049552917480e-01,7.912319898605346680e-01,4.122140109539031982e-01,9.510219842195510864e-02
1.153720021247863770e+00,1.063539981842041016e+00,8.201990127563476562e-01,1.416389942169189453e+00,4.801160097122192383e-01,5.966889858245849609e-01,9.473429918289184570e-01,5.952379703521728516e-01,0.000000000000000000e+00,2.473649978637695312e+00,4.430379867553710938e-01,1.208719968795776367e+00,8.870130181312561035e-01,1.930719971656799316e+00,1.377570033073425293e+00,1.126160025596618652e+00,3.238080024719238281e+00,6.505209803581237793e-01,1.159250020980834961e+00,2.986769974231719971e-01,3.816789984703063965e-01,6.722519993782043457e-01,9.145659804344177246e-01,1.861140012741088867e+00,7.878980040550231934e-01,7.109029889106750488e-01,8.538590073585510254e-01,8.368200063705444336e-01,1.402519941329956055e-01,1.425500035285949707e+00,6.895329952239990234e-01,5.767340064048767090e-01,5.226519703865051270e-01,6.358860135078430176e-01,8.806880116462707520e-01,9.550470113754272461e-01,8.062480092048645020e-01,3.327949941158294678e-01,1.511729955673217773e+00,3.025369942188262939e-01,1.287979960441589355e+00,1.296159982681274414e+00,7.790920138359069824e-01,8.282740116119384766e-01,6.371359825134277344e-01,6.220840215682983398e-01,7.659919857978820801e-01,8.794890046119689941e-01,2.685770094394683838e-01
1.001620054244995117e+00,8.673850297927856445e-01,6.958720088005065918e-01,1.182559967041015625e+00,4.574820101261138916e-01,5.236260294914245605e-01,9.177219867706298828e-01,5.339440107345581055e-01,0.000000000000000000e+00,2.209450006484985352e+00,6.255329847335815430e-01,1.204419970512390137e+00,9.904059767723083496e-01,2.085510015487670898e+00,9.730209708213806152e-01,9.007130265235900879e-01,2.856509923934936523e+00,6.598579883575439453e-01,1.134529948234558105e+00,4.843159914016723633e-01,2.630890011787414551e-01,7.669370174407958984e-01,1.006119966506958008e+00,1.758440017700195312e+00,6.576840281486511230e-01,7.460640072822570801e-01,9.928110241889953613e-01,1.071939945220947266e+00,1.492539942264556885e-01,1.496440052986145020e+00,8.043879866600036621e-01,6.363120079040527344e-01,4.831959903240203857e-01,5.789020061492919922e-01,4.575290083885192871e-01,9.835519790649414062e-01,6.730719804763793945e-01,3.268919885158538818e-01,1.605229973793029785e+00,5.179560184478759766e-01,1.312059998512268066e+00,1.298779964447021484e+00,6.805040240287780762e-01,7.659149765968322754e-01,7.673419713973999023e-01,4.926959872245788574e-01,7.165219783782958984e-01,6.633499860763549805e-01,4.533090069890022278e-02
9.277039766311645508e-01,1.018859982490539551e+00,4.687339961528778076e-01,1.000190019607543945e+00,5.735989809036254883e-01,5.137190222740173340e-01,7.851979732513427734e-01,4.406949877738952637e-01,0.000000000000000000e+00,2.028460025787353516e+00,6.618340015411376953e-01,9.498739838600158691e-01,7.694100141525268555e-01,1.727450013160705566e+00,8.992609977722167969e-01,8.139860033988952637e-01,2.552510023117065430e+00,7.772079706192016602e-01,9.187549948692321777e-01,4.383440017700195312e-01,3.629960119724273682e-01,7.979890108108520508e-01,9.181789755821228027e-01,1.811200022697448730e+00,6.468309760093688965e-01,6.860849857330322266e-01,8.652250170707702637e-01,1.055410027503967285e+00,1.556420028209686279e-01,1.450829982757568359e+00,7.861440181732177734e-01,5.458199977874755859e-01,5.242099761962890625e-01,5.225830078125000000e-01,2.815580070018768311e-01,7.332050204277038574e-01,7.398449778556823730e-01,3.833250105381011963e-01,1.445250034332275391e+00,3.083019852638244629e-01,1.174149990081787109e+00,1.131440043449401855e+00,1.022060036659240723e+00,7.759919762611389160e-01,5.777170062065124512e-01,5.667210221290588379e-01,6.187670230865478516e-01,8.109419941902160645e-01,1.801799982786178589e-01
9.391499757766723633e-01,7.729920148849487305e-01,3.734200000762939453e-01,7.989820241928100586e-01,5.718340277671813965e-01,5.863170027732849121e-01,6.708269715309143066e-01,5.523509979248046875e-01,0.000000000000000000e+00,2.041939973831176758e+00,1.269919991493225098e+00,1.104539990425109863e+00,8.965700268745422363e-01,2.803740024566650391e+00,9.603289961814880371e-01,7.638030052185058594e-01,2.557679891586303711e+00,7.593640089035034180e-01,1.056990027427673340e+00,3.876799941062927246e-01,3.508589863777160645e-01,5.862140059471130371e-01,6.594979763031005859e-01,1.603839993476867676e+00,5.670769810676574707e-01,6.745589971542358398e-01,8.598729968070983887e-01,9.528030157089233398e-01,7.137759774923324585e-02,1.349560022354125977e+00,7.657790184020996094e-01,5.863010287284851074e-01,7.399269938468933105e-01,3.308770060539245605e-01,2.624669969081878662e-01,7.435150146484375000e-01,6.752099990844726562e-01,5.037040114402770996e-01,1.473209977149963379e+00,3.072719871997833252e-01,1.144350051879882812e+00,1.111670017242431641e+00,6.405969858169555664e-01,8.016710281372070312e-01,7.852609753608703613e-01,5.890529751777648926e-01,6.543800234794616699e-01,9.905719757080078125e-01,1.273339986801147461e-01
9.349700212478637695e-01,1.038630008697509766e+00,3.718180060386657715e-01,8.109170198440551758e-01,5.246180295944213867e-01,7.279260158538818359e-01,7.163550257682800293e-01,6.088650226593017578e-01,0.000000000000000000e+00,1.893740057945251465e+00,1.082159996032714844e+01,8.180189728736877441e-01,7.764580249786376953e-01,1.744860053062438965e+00,1.198079943656921387e+00,9.341300129890441895e-01,2.131850004196166992e+00,6.968730092048645020e-01,9.929400086402893066e-01,4.143649935722351074e-01,3.475640118122100830e-01,8.091570138931274414e-01,8.668580055236816406e-01,1.505319952964782715e+00,5.331559777259826660e-01,7.547119855880737305e-01,8.541389703750610352e-01,1.031700015068054199e+00,1.937980055809020996e-01,1.279899954795837402e+00,6.587769985198974609e-01,4.525620043277740479e-01,7.242310047149658203e-01,6.333230137825012207e-01,7.165380120277404785e-01,7.948039770126342773e-01,7.158120274543762207e-01,2.890459895133972168e-01,1.454669952392578125e+00,4.134080111980438232e-01,1.201949954032897949e+00,8.113120198249816895e-01,5.971630215644836426e-01,7.797039747238159180e-01,6.275489926338195801e-01,4.301320016384124756e-01,6.220840215682983398e-01,5.925539731979370117e-01,2.678569853305816650e-01
1.046270012855529785e+00,8.823720216751098633e-01,3.848739862442016602e-01,7.997909784317016602e-01,5.322269797325134277e-01,5.843269824981689453e-01,9.998390078544616699e-01,6.030510067939758301e-01,0.000000000000000000e+00,1.796509981155395508e+00,6.039219856262207031e+00,1.099789977073669434e+00,6.878200173377990723e-01,1.455129981040954590e+00,8.664180040359497070e-01,8.625100255012512207e-01,1.924720048904418945e+00,6.914849877357482910e-01,8.760589957237243652e-01,4.638639986515045166e-01,2.729640007019042969e-01,3.408739864826202393e-01,9.571430087089538574e-01,1.448179960250854492e+00,6.706669926643371582e-01,6.930950284004211426e-01,1.273190021514892578e+00,8.816980123519897461e-01,1.918160021305084229e-01,1.199630022048950195e+00,8.493400216102600098e-01,6.761109828948974609e-01,6.218460202217102051e-01,3.757280111312866211e-01,3.103449940681457520e-01,7.878109812736511230e-01,6.373789906501770020e-01,4.426780045032501221e-01,1.339759945869445801e+00,5.371320247650146484e-01,1.365960001945495605e+00,9.568809866905212402e-01,8.314189910888671875e-01,7.114509940147399902e-01,6.793919801712036133e-01,5.797610282897949219e-01,5.996999740600585938e-01,1.342280060052871704e-01,4.568530023097991943e-01
9.941869974136352539e-01,1.387869954109191895e+00,4.467689990997314453e-01,8.464159965515136719e-01,6.920570135116577148e-01,6.829270124435424805e-01,7.862960100173950195e-01,5.231040120124816895e-01,0.000000000000000000e+00,1.683150053024291992e+00,3.165940046310424805e+00,1.140409946441650391e+00,6.555389761924743652e-01,2.430279970169067383e+00,9.039800167083740234e-01,8.386780023574829102e-01,2.226409912109375000e+00,7.259849905967712402e-01,8.099189996719360352e-01,6.397309899330139160e-01,1.994300037622451782e-01,7.883499860763549805e-01,1.111109972000122070e+00,1.477980017662048340e+00,8.357920050621032715e-01,7.462959885597229004e-01,1.195919990539550781e+00,1.040940046310424805e+00,6.934809684753417969e-02,1.350999951362609863e+00,7.274489998817443848e-01,3.934240043163299561e-01,6.698269844055175781e-01,4.861960113048553467e-01,1.523579955101013184e+00,7.845050096511840820e-01,7.999719977378845215e-01,3.870120048522949219e-01,1.258020043373107910e+00,5.572109818458557129e-01,1.187010049819946289e+00,1.387689948081970215e+00,8.715040087699890137e-01,7.631350159645080566e-01,6.138929724693298340e-01,6.413450241088867188e-01,7.527239918708801270e-01,7.124199867248535156e-01,7.510730028152465820e-01
9.869419932365417480e-01,1.096210002899169922e+00,7.592489719390869141e-01,7.840459942817687988e-01,8.737750053405761719e-01,7.580900192260742188e-01,6.143140196800231934e-01,4.046350121498107910e-01,0.000000000000000000e+00,1.683210015296936035e+00,1.965389966964721680e+00,8.608170151710510254e-01,6.452230215072631836e-01,1.540719985961914062e+00,1.211580038070678711e+00,9.358019828796386719e-01,2.242530107498168945e+00,7.114840149879455566e-01,7.308620214462280273e-01,4.810180068016052246e-01,3.860349953174591064e-01,9.888870120048522949e-01,9.624670147895812988e-01,1.662709951400756836e+00,7.334960103034973145e-01,6.764749884605407715e-01,8.384389877319335938e-01,8.946499824523925781e-01,2.126529961824417114e-01,1.269449949264526367e+00,8.591070175170898438e-01,4.527730047702789307e-01,7.783899903297424316e-01,4.529129862785339355e-01,9.178990125656127930e-01,9.265289902687072754e-01,6.488350033760070801e-01,3.819279968738555908e-01,1.398530006408691406e+00,6.162459850311279297e-01,1.200649976730346680e+00,1.206189990043640137e+00,7.567530274391174316e-01,7.529399991035461426e-01,5.957980155944824219e-01,5.280449986457824707e-01,8.443840146064758301e-01,7.627770304679870605e-02,7.419620156288146973e-01
1.058840036392211914e+00,1.000920057296752930e+00,6.937559843063354492e-01,8.965790271759033203e-01,9.502080082893371582e-01,1.049329996109008789e+00,4.039599895477294922e+00,3.041979968547821045e-01,0.000000000000000000e+00,1.666270017623901367e+00,2.230799913406372070e+00,1.143020033836364746e+00,7.331770062446594238e-01,2.106620073318481445e+00,1.075469970703125000e+00,7.576019763946533203e-01,2.110690116882324219e+00,7.153249979019165039e-01,8.676909804344177246e-01,5.996450185775756836e-01,3.001900017261505127e-01,1.069069981575012207e+00,1.034420013427734375e+00,1.535969972610473633e+00,9.300130009651184082e-01,8.357679843902587891e-01,1.235769987106323242e+00,1.029569983482360840e+00,6.539509892463684082e-01,1.226920008659362793e+00,9.798020124435424805e-01,3.830870091915130615e-01,8.629729747772216797e-01,5.995370149612426758e-01,9.117280244827270508e-01,1.019780039787292480e+00,7.622029781341552734e-01,3.288269937038421631e-01,1.402430057525634766e+00,7.307109832763671875e-01,1.353219985961914062e+00,1.261019945144653320e+00,8.623679876327514648e-01,7.473099827766418457e-01,5.979070067405700684e-01,6.787599921226501465e-01,9.920169711112976074e-01,2.794409990310668945e+00,1.258470058441162109e+00
1.111260056495666504e+00,1.180789947509765625e+00,1.024999976158142090e+00,8.493750095367431641e-01,8.275049924850463867e-01,1.093790054321289062e+00,1.100589990615844727e+00,3.562340140342712402e-01,0.000000000000000000e+00,1.725610017776489258e+00,1.843880057334899902e+00,1.312150001525878906e+00,8.237580060958862305e-01,1.027140021324157715e+00,1.122820019721984863e+00,1.357339978218078613e+00,2.560600042343139648e+00,6.657189726829528809e-01,8.423489928245544434e-01,5.159140229225158691e-01,2.927309870719909668e-01,7.948089838027954102e-01,1.263970017433166504e+00,1.491989970207214355e+00,9.972929954528808594e-01,8.709949851036071777e-01,2.490659952163696289e+00,1.148730039596557617e+00,6.948159933090209961e-01,1.454550027847290039e+00,9.468520283699035645e-01,5.770819783210754395e-01,8.810960054397583008e-01,8.074859976768493652e-01,7.221400141716003418e-01,1.310250043869018555e+00,8.216210007667541504e-01,3.206709921360015869e-01,1.398910045623779297e+00,7.903779745101928711e-01,1.332999944686889648e+00,1.347390055656433105e+00,7.292550206184387207e-01,9.272710084915161133e-01,8.194410204887390137e-01,6.608840227127075195e-01,1.004299998283386230e+00,1.262400031089782715e+00,8.649200201034545898e-01
1.132459998130798340e+00,1.101590037345886230e+00,1.013489961624145508e+00,1.043130040168762207e+00,1.193930029869079590e+00,1.219959974288940430e+00,2.384469985961914062e+00,2.746250033378601074e-01,0.000000000000000000e+00,1.898540019989013672e+00,2.195689916610717773e+00,1.388890027999877930e+00,9.839429855346679688e-01,1.093250036239624023e+00,1.186570048332214355e+00,1.105049967765808105e+00,8.676959872245788574e-01,8.253419995307922363e-01,1.027600049972534180e+00,6.307619810104370117e-01,3.673959970474243164e-01,9.968069791793823242e-01,1.293550014495849609e+00,1.615689992904663086e+00,1.347370028495788574e+00,1.049749970436096191e+00,1.645720005035400391e+00,1.205489993095397949e+00,6.528840065002441406e-01,1.598659992218017578e+00,1.230489969253540039e+00,6.473129987716674805e-01,9.254770278930664062e-01,7.173500061035156250e-01,1.503360033035278320e+00,1.488059997558593750e+00,9.637479782104492188e-01,6.088529825210571289e-01,1.465019941329956055e+00,5.621690154075622559e-01,1.390849947929382324e+00,1.489220023155212402e+00,1.021620035171508789e+00,1.104949951171875000e+00,7.709519863128662109e-01,7.844460010528564453e-01,1.180469989776611328e+00,2.512200117111206055e+00,5.688549876213073730e-01
1.216249942779541016e+00,9.672489762306213379e-01,9.188759922981262207e-01,9.926390051841735840e-01,1.053570032119750977e+00,1.261880040168762207e+00,2.426510095596313477e+00,6.539750099182128906e-01,0.000000000000000000e+00,1.685670018196105957e+00,1.948179960250854492e+00,1.266319990158081055e+00,8.621619939804077148e-01,1.155949950218200684e+00,9.682949781417846680e-01,1.064540028572082520e+00,6.455510258674621582e-01,6.495450139045715332e-01,9.802380204200744629e-01,5.017820000648498535e-01,2.917270064353942871e-01,8.292210102081298828e-01,1.086809992790222168e+00,1.551679968833923340e+00,1.290820002555847168e+00,8.942080140113830566e-01,1.942649960517883301e+00,1.110669970512390137e+00,1.838240027427673340e-01,1.655820012092590332e+00,1.915070056915283203e+00,5.077260136604309082e-01,8.565670251846313477e-01,7.501720190048217773e-01,1.443439960479736328e+00,1.298660039901733398e+00,8.612319827079772949e-01,6.631760001182556152e-01,1.860900044441223145e+00,4.600870013236999512e-01,1.307010054588317871e+00,1.529459953308105469e+00,8.204159736633300781e-01,9.421079754829406738e-01,7.464540004730224609e-01,5.230619907379150391e-01,1.086429953575134277e+00,7.472379803657531738e-01,6.881369948387145996e-01
1.298470020294189453e+00,1.172680020332336426e+00,8.148429989814758301e-01,9.954569935798645020e-01,1.139619946479797363e+00,1.076290011405944824e+00,2.212300062179565430e+00,6.291859745979309082e-01,0.000000000000000000e+00,1.751610040664672852e+00,2.024139881134033203e+00,1.488409996032714844e+00,1.011950016021728516e+00,1.249259948730468750e+00,1.435410022735595703e+00,1.455129981040954590e+00,6.984310150146484375e-01,7.103000283241271973e-01,9.312949776649475098e-01,6.079469919204711914e-01,2.951830029487609863e-01,4.980649948120117188e-01,1.066640019416809082e+00,1.903049945831298828e+00,9.598739743232727051e-01,9.581540226936340332e-01,2.497539997100830078e+00,9.234319925308227539e-01,5.952379703521728516e-01,1.793310046195983887e+00,1.677379965782165527e+00,8.355990052223205566e-01,8.425080180168151855e-01,9.905290007591247559e-01,2.278800010681152344e+00,1.304260015487670898e+00,9.871429800987243652e-01,5.160459876060485840e-01,1.587299942970275879e+00,5.737029910087585449e-01,1.430439949035644531e+00,1.441009998321533203e+00,1.029999971389770508e+00,9.848340153694152832e-01,1.028910040855407715e+00,6.153450012207031250e-01,1.093330025672912598e+00,8.192210197448730469e-01,6.525290012359619141e-01
1.099740028381347656e+00,1.070930004119873047e+00,7.980589866638183594e-01,1.155619978904724121e+00,1.448559999465942383e+00,1.434919953346252441e+00,2.233750104904174805e+00,5.421820282936096191e-01,0.000000000000000000e+00,1.629169940948486328e+00,2.639810085296630859e+00,1.470289945602416992e+00,1.216729998588562012e+00,1.403949975967407227e+00,1.230620026588439941e+00,1.358600020408630371e+00,8.976320028305053711e-01,8.236889839172363281e-01,1.240399956703186035e+00,5.925710201263427734e-01,3.852419853210449219e-01,5.532649755477905273e-01,1.176159977912902832e+00,1.487030029296875000e+00,9.318150281906127930e-01,8.552049994468688965e-01,2.618160009384155273e+00,1.332620024681091309e+00,5.985040068626403809e-01,1.868049979209899902e+00,1.908190011978149414e+00,8.359339833259582520e-01,8.725100159645080566e-01,1.110120058059692383e+00,2.375740051269531250e+00,1.294299960136413574e+00,1.008299946784973145e+00,5.111600160598754883e-01,1.377670049667358398e+00,8.048290014266967773e-01,1.315909981727600098e+00,1.559829950332641602e+00,1.076850056648254395e+00,9.400240182876586914e-01,8.695650100708007812e-01,8.301020264625549316e-01,1.170469999313354492e+00,1.224810004234313965e+00,1.016260027885437012e+00
1.345029950141906738e+00,1.404440045356750488e+00,1.132459998130798340e+00,1.299200057983398438e+00,1.373810052871704102e+00,1.298359990119934082e+00,2.491319894790649414e+00,7.418860197067260742e-01,0.000000000000000000e+00,1.944509983062744141e+00,5.588860034942626953e+00,2.032399892807006836e+00,1.486179947853088379e+00,1.520329952239990234e+00,1.870339989662170410e+00,1.443369984626770020e+00,9.447540044784545898e-01,9.556249976158142090e-01,1.383309960365295410e+00,6.275539994239807129e-01,4.531359970569610596e-01,6.980530023574829102e-01,1.187620043754577637e+00,1.871019959449768066e+00,1.001749992370605469e+00,8.946589827537536621e-01,3.311870098114013672e+00,1.387050032615661621e+00,4.192869961261749268e-01,2.537009954452514648e+00,1.972079992294311523e+00,1.613090038299560547e+00,1.031460046768188477e+00,1.008970022201538086e+00,2.801949977874755859e+00,1.525429964065551758e+00,1.126790046691894531e+00,8.310480117797851562e-01,1.866109967231750488e+00,6.895779967308044434e-01,1.509799957275390625e+00,1.781360030174255371e+00,1.125949978828430176e+00,1.095540046691894531e+00,1.423789978027343750e+00,7.840039730072021484e-01,1.110000014305114746e+00,9.879480004310607910e-01,5.972290039062500000e-01
1.176849961280822754e+00,1.382840037345886230e+00,1.817170023918151855e+00,1.423370003700256348e+00,1.288859963417053223e+00,1.311750054359436035e+00,2.472429990768432617e+00,5.585529804229736328e-01,0.000000000000000000e+00,1.882359981536865234e+00,9.007350206375122070e-01,1.777649998664855957e+00,1.443050026893615723e+00,1.696460008621215820e+00,1.917080044746398926e+00,1.566149950027465820e+00,8.603519797325134277e-01,9.688599705696105957e-01,1.710870027542114258e+00,7.908610105514526367e-01,4.301620125770568848e-01,6.468579769134521484e-01,1.384520053863525391e+00,1.872130036354064941e+00,1.007310032844543457e+00,9.352790117263793945e-01,2.412349939346313477e+00,1.343230009078979492e+00,4.177550077438354492e-01,2.805619955062866211e+00,2.096349954605102539e+00,1.407439947128295898e+00,1.165369987487792969e+00,1.529209971427917480e+00,2.724080085754394531e+00,1.665060043334960938e+00,1.392019987106323242e+00,8.426250219345092773e-01,1.738980054855346680e+00,9.645190238952636719e-01,1.648079991340637207e+00,1.951640009880065918e+00,1.139279961585998535e+00,1.121690034866333008e+00,1.200799942016601562e+00,9.142100214958190918e-01,1.088719964027404785e+00,7.783669829368591309e-01,1.137169957160949707e+00
1.368000030517578125e+00,1.286829948425292969e+00,1.540599942207336426e+00,1.577000021934509277e+00,1.242830038070678711e+00,1.292299985885620117e+00,2.450890064239501953e+00,8.361579775810241699e-01,0.000000000000000000e+00,2.201200008392333984e+00,1.446009993553161621e+00,1.262869954109191895e+00,1.395750045776367188e+00,1.686220049858093262e+00,1.922340035438537598e+00,1.420099973678588867e+00,1.009610056877136230e+00,9.744930267333984375e-01,1.770980000495910645e+00,5.272150039672851562e-01,5.690090060234069824e-01,5.035640001296997070e-01,1.454620003700256348e+00,2.395430088043212891e+00,8.308410048484802246e-01,9.734709858894348145e-01,2.061170101165771484e+00,1.157109975814819336e+00,2.317499965429306030e-01,3.028090000152587891e+00,2.585669994354248047e+00,1.466529965400695801e+00,1.225419998168945312e+00,1.486549973487854004e+00,2.770349979400634766e+00,1.633139967918395996e+00,1.460579991340637207e+00,6.807219982147216797e-01,2.163189888000488281e+00,5.589910149574279785e-01,1.711470007896423340e+00,1.839879989624023438e+00,1.244230031967163086e+00,1.339949965476989746e+00,1.550699949264526367e+00,9.678199887275695801e-01,8.369439840316772461e-01,8.413540124893188477e-01,6.087880134582519531e-01
1.409489989280700684e+00,1.150359988212585449e+00,1.855960011482238770e+00,1.956490039825439453e+00,9.461939930915832520e-01,1.199339985847473145e+00,2.691509962081909180e+00,1.229670047760009766e+00,0.000000000000000000e+00,2.219170093536376953e+00,9.570860266685485840e-01,1.949499964714050293e+00,1.236449956893920898e+00,1.595510005950927734e+00,1.554749965667724609e+00,1.668650031089782715e+00,9.391379952430725098e-01,1.177999973297119141e+00,1.862619996070861816e+00,6.004620194435119629e-01,5.079370141029357910e-01,4.180279970169067383e-01,1.440770030021667480e+00,1.831959962844848633e+00,9.369369745254516602e-01,1.083619952201843262e+00,1.618579983711242676e+00,1.374920010566711426e+00,8.787350356578826904e-02,3.414000034332275391e+00,2.031419992446899414e+00,1.754160046577453613e+00,1.215219974517822266e+00,1.245249986648559570e+00,2.220590114593505859e+00,1.523280024528503418e+00,1.809340000152587891e+00,9.467809796333312988e-01,2.024460077285766602e+00,4.364910125732421875e-01,1.891129970550537109e+00,1.886260032653808594e+00,1.288100004196166992e+00,1.570080041885375977e+00,1.408450007438659668e+00,9.222990274429321289e-01,8.103049993515014648e-01,1.113129973411560059e+00,7.491970062255859375e-01
1.441759943962097168e+00,1.142349958419799805e+00,1.757200002670288086e+00,1.741490006446838379e+00,9.531000256538391113e-01,1.424710035324096680e+00,2.839910030364990234e+00,8.001620173454284668e-01,0.000000000000000000e+00,2.207079887390136719e+00,1.139529943466186523e+00,1.375589966773986816e+00,1.008919954299926758e+00,1.315989971160888672e+00,1.550230026245117188e+00,1.640259981155395508e+00,1.036820054054260254e+00,1.097169995307922363e+00,1.588700056076049805e+00,4.770419895648956299e-01,3.269239962100982666e-01,3.325569927692413330e-01,1.384220004081726074e+00,2.330679893493652344e+00,9.063439965248107910e-01,1.174589991569519043e+00,1.536260008811950684e+00,1.106510043144226074e+00,1.849569976329803467e-01,3.319669961929321289e+00,2.161170005798339844e+00,2.045370101928710938e+00,1.406229972839355469e+00,1.454120039939880371e+00,2.325920104980468750e+00,1.289479970932006836e+00,1.754739999771118164e+00,7.362200021743774414e-01,2.008160114288330078e+00,5.196899771690368652e-01,2.041440010070800781e+00,1.761510014533996582e+00,1.007279992103576660e+00,1.488669991493225098e+00,6.981739997863769531e-01,7.461749911308288574e-01,7.263759970664978027e-01,9.395509958267211914e-01,9.239699840545654297e-01
1.527920007705688477e+00,1.121719956398010254e+00,1.516620039939880371e+00,1.968750000000000000e+00,8.507289886474609375e-01,1.503440022468566895e+00,2.931529998779296875e+00,8.130080103874206543e-01,0.000000000000000000e+00,2.366029977798461914e+00,9.566969871520996094e-01,1.226539969444274902e+00,9.871360063552856445e-01,1.289630055427551270e+00,1.301239967346191406e+00,1.193500041961669922e+00,1.081349968910217285e+00,1.042160034179687500e+00,1.522609949111938477e+00,4.533169865608215332e-01,3.754949867725372314e-01,2.515290081501007080e-01,1.289389967918395996e+00,2.600939989089965820e+00,8.529459834098815918e-01,1.218880057334899902e+00,1.054550051689147949e+00,9.370350241661071777e-01,1.136360019445419312e-01,2.823420047760009766e+00,1.746880054473876953e+00,8.982419967651367188e-01,1.643059968948364258e+00,1.294190049171447754e+00,2.811870098114013672e+00,1.336680054664611816e+00,1.615429997444152832e+00,6.594099998474121094e-01,2.214699983596801758e+00,6.526290178298950195e-01,1.798519968986511230e+00,1.674999952316284180e+00,1.008700013160705566e+00,1.417299985885620117e+00,5.866010189056396484e-01,7.709670066833496094e-01,6.982010006904602051e-01,1.020480036735534668e+00,1.076179981231689453e+00
1.466539978981018066e+00,1.053140044212341309e+00,1.454929947853088379e+00,1.996530055999755859e+00,7.367020249366760254e-01,1.115290045738220215e+00,2.923629999160766602e+00,7.780370116233825684e-01,0.000000000000000000e+00,2.575249910354614258e+00,1.322399973869323730e+00,1.110630035400390625e+00,9.018440246582031250e-01,1.057909965515136719e+00,1.391450047492980957e+00,1.138399958610534668e+00,1.009500026702880859e+00,1.053079962730407715e+00,1.323220014572143555e+00,4.641650021076202393e-01,3.245939910411834717e-01,1.416279971599578857e-01,1.181620001792907715e+00,2.721230030059814453e+00,7.496010065078735352e-01,1.195389986038208008e+00,1.354320049285888672e+00,7.967759966850280762e-01,3.712869882583618164e-01,2.672310113906860352e+00,1.520050048828125000e+00,1.703580021858215332e+00,1.432540059089660645e+00,1.445230007171630859e+00,1.898519992828369141e+00,1.147340059280395508e+00,1.282019972801208496e+00,5.951709747314453125e-01,2.301379919052124023e+00,4.481129944324493408e-01,1.783759951591491699e+00,1.700199961662292480e+00,1.019400000572204590e+00,1.497529983520507812e+00,1.145550012588500977e+00,8.952779769897460938e-01,6.033380031585693359e-01,8.856030106544494629e-01,7.992900013923645020e-01
1.532829999923706055e+00,1.319560050964355469e+00,1.689280033111572266e+00,2.189709901809692383e+00,6.912670135498046875e-01,1.161309957504272461e+00,2.641880035400390625e+00,7.067139744758605957e-01,0.000000000000000000e+00,2.448790073394775391e+00,8.107010126113891602e-01,8.973640203475952148e-01,8.194720149040222168e-01,1.079990029335021973e+00,1.137539982795715332e+00,1.124850034713745117e+00,1.043120026588439941e+00,1.098000049591064453e+00,1.367310047149658203e+00,5.478339791297912598e-01,3.781299889087677002e-01,1.298439949750900269e-01,1.348739981651306152e+00,3.396770000457763672e+00,9.262620210647583008e-01,1.220950007438659668e+00,1.021569967269897461e+00,1.123100042343139648e+00,2.610970139503479004e-01,2.730979919433593750e+00,1.592170000076293945e+00,2.151740074157714844e+00,1.505360007286071777e+00,1.601519942283630371e+00,2.449130058288574219e+00,1.073650002479553223e+00,1.257089972496032715e+00,5.438809990882873535e-01,2.522360086441040039e+00,6.319389939308166504e-01,1.749199986457824707e+00,1.771870017051696777e+00,1.111909985542297363e+00,1.689980030059814453e+00,9.125480055809020996e-01,8.130609989166259766e-01,4.574829936027526855e-01,8.983110189437866211e-01,7.142860293388366699e-01
1.653589963912963867e+00,1.365980029106140137e+00,1.809170007705688477e+00,2.041209936141967773e+00,6.077759861946105957e-01,9.870380163192749023e-01,2.625540018081665039e+00,9.357110261917114258e-01,0.000000000000000000e+00,3.058690071105957031e+00,6.993010044097900391e-01,1.049620032310485840e+00,8.939200043678283691e-01,1.102339982986450195e+00,1.073300004005432129e+00,1.429630041122436523e+00,1.193349957466125488e+00,1.091820001602172852e+00,1.379850029945373535e+00,4.745469987392425537e-01,2.587819993495941162e-01,1.538980007171630859e-01,1.349189996719360352e+00,2.493849992752075195e+00,4.735180139541625977e-01,1.364949941635131836e+00,1.258810043334960938e+00,1.046350002288818359e+00,4.297989904880523682e-01,2.518670082092285156e+00,1.648839950561523438e+00,2.292659997940063477e+00,1.685940027236938477e+00,1.059020042419433594e+00,3.043790102005004883e+00,9.984390139579772949e-01,1.134279966354370117e+00,5.767009854316711426e-01,2.689229965209960938e+00,6.419069766998291016e-01,1.904139995574951172e+00,1.893319964408874512e+00,1.277250051498413086e+00,1.829749941825866699e+00,1.127429962158203125e+00,7.800120115280151367e-01,5.415779948234558105e-01,6.723939776420593262e-01,6.947460174560546875e-01
1.486340045928955078e+00,1.047629952430725098e+00,1.320289969444274902e+00,1.834069967269897461e+00,6.719769835472106934e-01,1.067929983139038086e+00,2.269140005111694336e+00,6.802080273628234863e-01,0.000000000000000000e+00,2.755539894104003906e+00,4.739339947700500488e-01,9.752590060234069824e-01,8.054350018501281738e-01,1.047070026397705078e+00,8.760579824447631836e-01,1.340770006179809570e+00,1.177729964256286621e+00,9.910230040550231934e-01,1.219259977340698242e+00,4.314819872379302979e-01,4.721379876136779785e-01,2.424529939889907837e-01,1.065580010414123535e+00,2.532819986343383789e+00,6.015509963035583496e-01,1.218189954757690430e+00,9.110019803047180176e-01,8.945009708404541016e-01,2.358489930629730225e-01,2.655980110168457031e+00,1.533139944076538086e+00,1.847669959068298340e+00,1.701949954032897949e+00,1.358549952507019043e+00,2.736639976501464844e+00,1.045320034027099609e+00,1.080459952354431152e+00,7.305939793586730957e-01,2.536609888076782227e+00,3.341690003871917725e-01,1.636389970779418945e+00,1.669090032577514648e+00,1.003129959106445312e+00,1.786640048027038574e+00,9.049770236015319824e-01,5.341500043869018555e-01,6.024489998817443848e-01,8.728780150413513184e-01,9.546539783477783203e-01
1.306849956512451172e+00,1.030859947204589844e+00,1.589800000190734863e+00,1.560799956321716309e+00,6.072720289230346680e-01,1.020490050315856934e+00,2.366630077362060547e+00,7.713029980659484863e-01,0.000000000000000000e+00,2.626369953155517578e+00,5.571029782295227051e-01,8.370360136032104492e-01,7.673100233078002930e-01,9.247760176658630371e-01,8.167790174484252930e-01,1.402330040931701660e+00,9.295889735221862793e-01,7.725620269775390625e-01,1.164010047912597656e+00,4.388059973716735840e-01,2.438579946756362915e-01,1.743769943714141846e-01,1.025169968605041504e+00,2.099240064620971680e+00,6.404100060462951660e-01,1.028839945793151855e+00,1.246330022811889648e+00,8.587340116500854492e-01,8.741260319948196411e-02,2.289530038833618164e+00,1.373370051383972168e+00,1.275920033454895020e+00,1.196329951286315918e+00,1.300230026245117188e+00,2.119019985198974609e+00,8.614240288734436035e-01,7.863770127296447754e-01,4.668450057506561279e-01,2.182209968566894531e+00,4.046100080013275146e-01,1.383219957351684570e+00,1.317430019378662109e+00,9.270700216293334961e-01,1.550009965896606445e+00,6.833710074424743652e-01,7.919099926948547363e-01,5.891730189323425293e-01,6.898099780082702637e-01,1.043969988822937012e+00
1.115550041198730469e+00,9.890329837799072266e-01,1.383550047874450684e+00,1.271090030670166016e+00,7.313730120658874512e-01,7.003849744796752930e-01,3.547729969024658203e+00,5.611429810523986816e-01,0.000000000000000000e+00,2.321990013122558594e+00,3.550939857959747314e-01,6.958249807357788086e-01,7.094399929046630859e-01,8.650220036506652832e-01,7.014030218124389648e-01,1.266880035400390625e+00,9.713919758796691895e-01,7.521200180053710938e-01,1.151859998703002930e+00,4.620079994201660156e-01,2.734310030937194824e-01,1.817940026521682739e-01,1.080899953842163086e+00,1.482910037040710449e+00,6.197980046272277832e-01,9.324880242347717285e-01,1.850000023841857910e+00,8.906080126762390137e-01,0.000000000000000000e+00,2.434289932250976562e+00,1.418319940567016602e+00,1.216349959373474121e+00,1.481189966201782227e+00,1.036219954490661621e+00,3.182770013809204102e+00,7.545379996299743652e-01,7.663360238075256348e-01,5.502989888191223145e-01,1.992720007896423340e+00,5.862240195274353027e-01,1.142910003662109375e+00,1.577620029449462891e+00,9.507600069046020508e-01,1.354159951210021973e+00,5.410569906234741211e-01,6.030700206756591797e-01,5.531539916992187500e-01,5.150899887084960938e-01,8.463540077209472656e-01
1.314579963684082031e+00,1.121109962463378906e+00,7.683439850807189941e-01,1.138560056686401367e+00,7.098979949951171875e-01,6.783229708671569824e-01,2.847399950027465820e+00,3.292180001735687256e-01,0.000000000000000000e+00,2.079799890518188477e+00,4.547750055789947510e-01,7.693830132484436035e-01,6.502959728240966797e-01,8.145049810409545898e-01,5.726339817047119141e-01,1.053419947624206543e+00,8.341510295867919922e-01,7.445099949836730957e-01,1.015269994735717773e+00,3.464510142803192139e-01,3.733240067958831787e-01,2.882480025291442871e-01,1.148440003395080566e+00,2.478980064392089844e+00,4.549019932746887207e-01,8.135430216789245605e-01,1.015969991683959961e+00,7.653989791870117188e-01,8.203449845314025879e-01,2.394040107727050781e+00,1.219239950180053711e+00,1.529099941253662109e+00,1.145760059356689453e+00,8.031799793243408203e-01,2.102969884872436523e+00,8.211200237274169922e-01,6.845340132713317871e-01,5.440589785575866699e-01,1.801540017127990723e+00,4.782400131225585938e-01,1.048930048942565918e+00,1.403390049934387207e+00,8.571590185165405273e-01,1.287780046463012695e+00,7.299270033836364746e-01,5.256559848785400391e-01,5.207620263099670410e-01,8.126599788665771484e-01,5.206639766693115234e-01
1.373370051383972168e+00,9.273880124092102051e-01,1.110540032386779785e+00,1.053629994392395020e+00,6.695230007171630859e-01,5.305889844894409180e-01,2.144419908523559570e+00,4.066689908504486084e-01,0.000000000000000000e+00,2.006129980087280273e+00,4.613359868526458740e-01,8.428959846496582031e-01,6.438810229301452637e-01,7.833780050277709961e-01,7.289339900016784668e-01,9.485290050506591797e-01,8.170030117034912109e-01,5.649399757385253906e-01,8.920879960060119629e-01,4.140399992465972900e-01,2.318260073661804199e-01,3.356460034847259521e-01,9.100869894027709961e-01,2.055579900741577148e+00,3.713450133800506592e-01,6.727070212364196777e-01,1.142860054969787598e+00,7.727980017662048340e-01,1.457729935646057129e-01,2.185189962387084961e+00,9.195399880409240723e-01,9.724239706993103027e-01,1.058889985084533691e+00,7.285209894180297852e-01,1.644350051879882812e+00,6.965630054473876953e-01,6.963989734649658203e-01,3.568330109119415283e-01,1.577450037002563477e+00,3.123730123043060303e-01,1.116430044174194336e+00,2.421250104904174805e+00,9.352849721908569336e-01,1.102789998054504395e+00,7.335780262947082520e-01,5.300040245056152344e-01,4.906640052795410156e-01,6.800540089607238770e-01,4.497269988059997559e-01
1.274590015411376953e+00,1.075889945030212402e+00,6.449530124664306641e-01,8.968759775161743164e-01,7.478179931640625000e-01,5.111669898033142090e-01,3.039860010147094727e+00,3.701930046081542969e-01,0.000000000000000000e+00,1.824370026588439941e+00,7.405840158462524414e-01,6.887909770011901855e-01,4.876820147037506104e-01,8.280249834060668945e-01,5.512809753417968750e-01,7.467430233955383301e-01,8.255169987678527832e-01,5.258709788322448730e-01,7.962449789047241211e-01,1.096389964222908020e-01,2.977870106697082520e-01,2.346300035715103149e-01,8.474180102348327637e-01,1.431720018386840820e+00,5.265840291976928711e-01,6.877869963645935059e-01,1.198300004005432129e+00,4.747399985790252686e-01,3.351210057735443115e-01,1.818179965019226074e+00,1.062739968299865723e+00,8.008270263671875000e-01,1.025859951972961426e+00,7.408710122108459473e-01,4.481630027294158936e-01,6.304150223731994629e-01,6.112520098686218262e-01,2.601909935474395752e-01,1.564290046691894531e+00,5.379170179367065430e-01,1.015730023384094238e+00,1.646129965782165527e+00,8.836960196495056152e-01,1.017249941825866699e+00,6.336410045623779297e-01,6.603350043296813965e-01,5.231209993362426758e-01,6.811199784278869629e-01,1.046759963035583496e+00
9.482610225677490234e-01,8.084890246391296387e-01,6.187490224838256836e-01,8.056799769401550293e-01,7.291349768638610840e-01,4.592689871788024902e-01,1.678159952163696289e+00,6.904169917106628418e-01,0.000000000000000000e+00,1.606830000877380371e+00,5.915639996528625488e-01,7.404180169105529785e-01,4.633829891681671143e-01,7.786960005760192871e-01,6.575739979743957520e-01,5.223659873008728027e-01,8.919510245323181152e-01,5.100049972534179688e-01,8.398270010948181152e-01,3.232469856739044189e-01,2.589179873466491699e-01,2.999899983406066895e-01,6.427819728851318359e-01,1.719470024108886719e+00,4.378759860992431641e-01,6.035040020942687988e-01,7.806959748268127441e-01,7.678729891777038574e-01,0.000000000000000000e+00,1.890100002288818359e+00,1.004570007324218750e+00,3.813300132751464844e-01,8.730099797248840332e-01,8.656769990921020508e-01,1.296429991722106934e+00,6.005730032920837402e-01,5.730829834938049316e-01,3.932479918003082275e-01,1.135859966278076172e+00,6.365370154380798340e-01,9.409490227699279785e-01,2.106270074844360352e+00,1.012249946594238281e+00,8.575099706649780273e-01,5.067059993743896484e-01,5.055429935455322266e-01,4.926449954509735107e-01,5.677130222320556641e-01,5.515339970588684082e-01
1.006100058555603027e+00,7.610570192337036133e-01,6.936709880828857422e-01,8.439779877662658691e-01,7.041419744491577148e-01,4.526410102844238281e-01,2.038909912109375000e+00,3.436430096626281738e-01,0.000000000000000000e+00,1.530930042266845703e+00,4.563370048999786377e-01,5.636739730834960938e-01,4.678350090980529785e-01,7.136160135269165039e-01,4.548090100288391113e-01,5.322849750518798828e-01,5.991119742393493652e-01,4.602510035037994385e-01,7.223629951477050781e-01,2.902989983558654785e-01,3.277390003204345703e-01,2.694909870624542236e-01,6.838809847831726074e-01,1.542659997940063477e+00,4.091170132160186768e-01,6.256189942359924316e-01,1.208920001983642578e+00,5.833780169486999512e-01,1.657000035047531128e-01,1.664579987525939941e+00,1.008949995040893555e+00,4.870130121707916260e-01,8.051909804344177246e-01,8.081809878349304199e-01,1.277009963989257812e+00,5.506209731101989746e-01,5.882679820060729980e-01,3.663319945335388184e-01,1.482529997825622559e+00,4.520460069179534912e-01,8.032640218734741211e-01,1.030500054359436035e+00,7.189199924468994141e-01,7.937970161437988281e-01,4.701730012893676758e-01,5.393940210342407227e-01,4.428220093250274658e-01,7.036129832267761230e-01,4.700720012187957764e-01
9.224190115928649902e-01,5.684679746627807617e-01,6.729949712753295898e-01,8.201810121536254883e-01,5.863029956817626953e-01,4.729709923267364502e-01,1.970540046691894531e+00,3.995159864425659180e-01,0.000000000000000000e+00,1.514989972114562988e+00,4.113529920578002930e-01,6.208729743957519531e-01,4.387019872665405273e-01,6.638230085372924805e-01,5.490339994430541992e-01,5.458120107650756836e-01,5.365449786186218262e-01,5.038639903068542480e-01,7.444949746131896973e-01,2.600879967212677002e-01,3.471849858760833740e-01,3.493449985980987549e-01,6.377810239791870117e-01,1.714220046997070312e+00,4.211960136890411377e-01,5.027570128440856934e-01,8.535779714584350586e-01,7.669299840927124023e-01,7.215009629726409912e-02,1.775609970092773438e+00,8.539059758186340332e-01,4.274159967899322510e-01,9.124730229377746582e-01,7.960199713706970215e-01,7.509390115737915039e-01,5.397419929504394531e-01,6.481339931488037109e-01,2.903400063514709473e-01,8.277459740638732910e-01,3.384290039539337158e-01,8.283619880676269531e-01,8.406069874763488770e-01,8.312360048294067383e-01,8.080220222473144531e-01,5.225520133972167969e-01,5.011770129203796387e-01,4.116449952125549316e-01,6.243289709091186523e-01,5.498059988021850586e-01
9.918370246887207031e-01,7.070569992065429688e-01,5.446469783782958984e-01,7.545700073242187500e-01,7.809550166130065918e-01,7.255989909172058105e-01,2.259999990463256836e+00,3.115260004997253418e-01,0.000000000000000000e+00,1.632809996604919434e+00,4.844140112400054932e-01,6.740440130233764648e-01,4.500060081481933594e-01,6.318039894104003906e-01,5.034369826316833496e-01,7.687630057334899902e-01,5.925930142402648926e-01,5.465809702873229980e-01,6.763089895248413086e-01,3.248040080070495605e-01,2.549139857292175293e-01,2.682799994945526123e-01,6.761590242385864258e-01,1.545779943466186523e+00,2.699919939041137695e-01,5.720409750938415527e-01,1.335559964179992676e+00,6.889529824256896973e-01,1.394699960947036743e-01,2.145999908447265625e+00,1.132130026817321777e+00,8.399890065193176270e-01,9.727950096130371094e-01,8.224189877510070801e-01,8.373010158538818359e-01,5.707929730415344238e-01,6.425759792327880859e-01,3.497439920902252197e-01,9.338449835777282715e-01,4.105289876461029053e-01,8.372849822044372559e-01,9.577280282974243164e-01,9.722539782524108887e-01,8.562210202217102051e-01,6.002089977264404297e-01,4.087190032005310059e-01,5.201870203018188477e-01,5.359569787979125977e-01,5.077859759330749512e-01
9.776960015296936035e-01,8.343930244445800781e-01,6.446139812469482422e-01,7.393770217895507812e-01,6.180670261383056641e-01,6.194570064544677734e-01,2.403300046920776367e+00,2.432650029659271240e-01,0.000000000000000000e+00,1.632120013236999512e+00,3.063209950923919678e-01,6.091669797897338867e-01,4.777210056781768799e-01,8.126850128173828125e-01,5.681819915771484375e-01,8.312979936599731445e-01,6.082350015640258789e-01,5.322560071945190430e-01,8.755580186843872070e-01,2.561430037021636963e-01,2.197349965572357178e-01,4.271149933338165283e-01,6.838939785957336426e-01,1.508790016174316406e+00,4.949170053005218506e-01,5.378640294075012207e-01,1.174839973449707031e+00,7.559310197830200195e-01,2.049179971218109131e-01,2.273020029067993164e+00,1.273069977760314941e+00,8.699430227279663086e-01,1.088439941406250000e+00,8.702719807624816895e-01,6.609500050544738770e-01,5.097090005874633789e-01,6.177589893341064453e-01,4.037440121173858643e-01,8.460090160369873047e-01,4.352279901504516602e-01,8.705149888992309570e-01,1.018260002136230469e+00,8.199089765548706055e-01,8.741779923439025879e-01,3.540520071983337402e-01,5.610259771347045898e-01,4.972769916057586670e-01,4.426180124282836914e-01,5.705590248107910156e-01
1.011330008506774902e+00,6.615859866142272949e-01,8.265299797058105469e-01,8.104040026664733887e-01,6.089410185813903809e-01,6.446589827537536621e-01,1.918249964714050293e+00,2.756179869174957275e-01,0.000000000000000000e+00,1.452540040016174316e+00,4.277350008487701416e-01,6.770889759063720703e-01,5.736539959907531738e-01,8.141970038414001465e-01,5.901950001716613770e-01,8.107339739799499512e-01,7.026270031929016113e-01,5.403460264205932617e-01,9.254350066184997559e-01,3.142429888248443604e-01,3.183020055294036865e-01,3.378379940986633301e-01,7.376610040664672852e-01,1.513649940490722656e+00,5.515239834785461426e-01,4.420689940452575684e-01,9.348809719085693359e-01,8.213850259780883789e-01,7.087170332670211792e-02,2.319880008697509766e+00,1.031640052795410156e+00,8.531060218811035156e-01,1.012040019035339355e+00,9.251099824905395508e-01,9.168609976768493652e-01,5.866169929504394531e-01,7.050169706344604492e-01,3.541019856929779053e-01,9.083340167999267578e-01,4.801400005817413330e-01,1.004019975662231445e+00,1.030760049819946289e+00,7.281550168991088867e-01,9.542919993400573730e-01,4.532119929790496826e-01,5.999550223350524902e-01,5.925469994544982910e-01,8.286849856376647949e-01,4.924489855766296387e-01
8.646299839019775391e-01,7.876380085945129395e-01,1.332010030746459961e+00,7.809640169143676758e-01,7.091599702835083008e-01,5.743979811668395996e-01,1.578019976615905762e+00,5.210030078887939453e-01,0.000000000000000000e+00,1.644289970397949219e+00,4.126209914684295654e-01,6.041380167007446289e-01,5.766739845275878906e-01,8.087090253829956055e-01,6.687719821929931641e-01,6.567850112915039062e-01,7.377730011940002441e-01,6.111140251159667969e-01,1.025580048561096191e+00,4.413419961929321289e-01,4.566209912300109863e-01,3.507460057735443115e-01,6.976180076599121094e-01,6.939629912376403809e-01,2.873910069465637207e-01,4.868499934673309326e-01,9.956439733505249023e-01,1.227509975433349609e+00,1.327140033245086670e-01,2.427530050277709961e+00,1.088230013847351074e+00,5.718820095062255859e-01,1.088739991188049316e+00,9.031890034675598145e-01,8.523640036582946777e-01,6.236450076103210449e-01,8.996750116348266602e-01,2.235019952058792114e-01,5.955229997634887695e-01,5.185530185699462891e-01,1.029950022697448730e+00,1.098970055580139160e+00,1.011600017547607422e+00,8.697929978370666504e-01,4.887320101261138916e-01,5.511459708213806152e-01,5.476260185241699219e-01,5.672749876976013184e-01,6.877020001411437988e-01
1.091120004653930664e+00,7.098680138587951660e-01,1.035549998283386230e+00,7.861300110816955566e-01,8.409910202026367188e-01,6.995519995689392090e-01,1.739279985427856445e+00,3.880980014801025391e-01,0.000000000000000000e+00,1.679679989814758301e+00,3.714399933815002441e-01,6.755430102348327637e-01,7.436249852180480957e-01,8.926669955253601074e-01,6.077939867973327637e-01,7.235460281372070312e-01,8.325480222702026367e-01,6.338890194892883301e-01,1.110900044441223145e+00,4.015749990940093994e-01,4.352059960365295410e-01,3.591839969158172607e-01,7.679280042648315430e-01,1.147089958190917969e+00,3.760679960250854492e-01,5.399770140647888184e-01,1.274070024490356445e+00,1.115159988403320312e+00,2.161380052566528320e-01,2.254060029983520508e+00,1.239400029182434082e+00,1.202600002288818359e+00,1.243530035018920898e+00,9.863669872283935547e-01,5.285570025444030762e-01,6.517609953880310059e-01,7.713909745216369629e-01,3.456420004367828369e-01,5.639489889144897461e-01,5.927479863166809082e-01,1.017600059509277344e+00,1.438809990882873535e+00,8.163849711418151855e-01,9.200050234794616699e-01,4.524889886379241943e-01,6.725599765777587891e-01,6.698669791221618652e-01,7.376829981803894043e-01,4.985040128231048584e-01
1.147240042686462402e+00,8.297610282897949219e-01,8.185539841651916504e-01,8.983889818191528320e-01,8.956189751625061035e-01,6.236159801483154297e-01,1.820889949798583984e+00,4.957309961318969727e-01,0.000000000000000000e+00,1.864400029182434082e+00,5.404080152511596680e-01,8.329529762268066406e-01,6.464819908142089844e-01,8.562600016593933105e-01,5.682319998741149902e-01,6.808270215988159180e-01,7.880529761314392090e-01,5.443620085716247559e-01,1.008759975433349609e+00,4.940339922904968262e-01,4.803270101547241211e-01,4.269680082798004150e-01,7.745010256767272949e-01,1.506399989128112793e+00,4.260570108890533447e-01,5.685560107231140137e-01,1.212509989738464355e+00,9.379249811172485352e-01,3.344480097293853760e-01,2.222939968109130859e+00,1.165030002593994141e+00,4.208160042762756348e-01,1.159060001373291016e+00,1.067100048065185547e+00,6.752700209617614746e-01,9.606369733810424805e-01,8.588920235633850098e-01,2.800000011920928955e-01,5.426359772682189941e-01,3.150320053100585938e-01,1.094670057296752930e+00,1.371119976043701172e+00,7.037079930305480957e-01,8.985990285873413086e-01,6.174499988555908203e-01,6.979119777679443359e-01,6.007210016250610352e-01,6.296799778938293457e-01,4.558779895305633545e-01
1.279500007629394531e+00,7.711719870567321777e-01,1.002689957618713379e+00,8.404970169067382812e-01,9.947879910469055176e-01,6.300060153007507324e-01,2.284140110015869141e+00,2.587020099163055420e-01,0.000000000000000000e+00,1.928879976272583008e+00,3.686639964580535889e-01,8.507350087165832520e-01,7.987499833106994629e-01,9.302420020103454590e-01,6.181259751319885254e-01,9.116259813308715820e-01,8.236309885978698730e-01,5.245620012283325195e-01,1.046679973602294922e+00,3.262900114059448242e-01,1.673099994659423828e-01,4.226410090923309326e-01,9.252700209617614746e-01,1.721869945526123047e+00,4.294919967651367188e-01,6.577919721603393555e-01,8.917589783668518066e-01,1.012609958648681641e+00,2.956390082836151123e-01,1.932129979133605957e+00,1.157680034637451172e+00,4.739339947700500488e-01,1.258110046386718750e+00,1.170560002326965332e+00,5.342329740524291992e-01,1.003749966621398926e+00,7.659879922866821289e-01,3.845210075378417969e-01,6.145619750022888184e-01,4.001939892768859863e-01,1.205760002136230469e+00,1.500959992408752441e+00,7.304199934005737305e-01,8.986129760742187500e-01,3.390710055828094482e-01,6.537020206451416016e-01,6.237009763717651367e-01,7.006310224533081055e-01,6.661990284919738770e-01
1.428069949150085449e+00,1.116700053215026855e+00,9.931120276451110840e-01,9.331589937210083008e-01,1.045449972152709961e+00,6.208180189132690430e-01,2.187500000000000000e+00,2.906250059604644775e-01,0.000000000000000000e+00,2.203330039978027344e+00,4.810850024223327637e-01,7.826679944992065430e-01,7.550960183143615723e-01,9.958140254020690918e-01,6.224790215492248535e-01,7.157279849052429199e-01,1.098219990730285645e+00,5.108640193939208984e-01,9.973539710044860840e-01,4.571340084075927734e-01,4.940260052680969238e-01,4.719679951667785645e-01,9.669209718704223633e-01,1.713549971580505371e+00,5.185379981994628906e-01,6.330029964447021484e-01,1.103960037231445312e+00,8.716480135917663574e-01,4.051859974861145020e-01,1.925650000572204590e+00,1.554839968681335449e+00,5.361210107803344727e-01,1.175979971885681152e+00,1.085139989852905273e+00,7.130630016326904297e-01,7.537959814071655273e-01,8.263000249862670898e-01,2.683660089969635010e-01,5.975580215454101562e-01,8.160979747772216797e-01,1.255480051040649414e+00,1.444880008697509766e+00,7.779769897460937500e-01,9.752789735794067383e-01,5.524860024452209473e-01,7.728099822998046875e-01,6.304770112037658691e-01,8.812860250473022461e-01,8.297380208969116211e-01
1.607010006904602051e+00,1.059700012207031250e+00,9.645980000495910645e-01,9.990440011024475098e-01,1.014379978179931641e+00,6.340979933738708496e-01,2.537580013275146484e+00,3.491269946098327637e-01,0.000000000000000000e+00,2.413759946823120117e+00,4.340749979019165039e-01,8.060849905014038086e-01,6.732280254364013672e-01,1.023219943046569824e+00,7.116770148277282715e-01,9.576730132102966309e-01,1.118059992790222168e+00,5.371069908142089844e-01,8.260449767112731934e-01,3.721069991588592529e-01,2.233670055866241455e-01,4.600430130958557129e-01,8.757789731025695801e-01,2.018719911575317383e+00,7.466890215873718262e-01,6.508349776268005371e-01,1.021669983863830566e+00,1.157789945602416992e+00,2.836880087852478027e-01,1.863880038261413574e+00,1.228279948234558105e+00,9.624639749526977539e-01,1.175920009613037109e+00,1.162569999694824219e+00,1.221050024032592773e+00,7.513930201530456543e-01,8.228830099105834961e-01,2.859309911727905273e-01,6.796309947967529297e-01,7.196670174598693848e-01,1.270419955253601074e+00,1.364730000495910645e+00,7.981280088424682617e-01,9.609569907188415527e-01,6.341959834098815918e-01,7.134600281715393066e-01,6.989489793777465820e-01,7.005090117454528809e-01,7.256389856338500977e-01
1.661540031433105469e+00,1.107609987258911133e+00,1.142660021781921387e+00,1.109089970588684082e+00,1.144569993019104004e+00,7.321689724922180176e-01,2.689490079879760742e+00,2.358680069446563721e-01,0.000000000000000000e+00,2.420340061187744141e+00,5.815489888191223145e-01,7.965549826622009277e-01,8.194670081138610840e-01,1.175590038299560547e+00,6.567159891128540039e-01,1.003780007362365723e+00,1.386680006980895996e+00,5.907509922981262207e-01,8.593500256538391113e-01,2.803190052509307861e-01,1.458700001239776611e-01,4.398399889469146729e-01,1.020409941673278809e+00,2.077869892120361328e+00,4.840129911899566650e-01,5.833870172500610352e-01,9.345790147781372070e-01,1.228189945220947266e+00,2.130679935216903687e-01,1.796970009803771973e+00,1.110419988632202148e+00,1.130270004272460938e+00,1.389999985694885254e+00,1.347229957580566406e+00,5.711569786071777344e-01,7.448340058326721191e-01,7.102010250091552734e-01,3.072830140590667725e-01,7.911080121994018555e-01,8.766869902610778809e-01,1.308169960975646973e+00,1.567409992218017578e+00,9.286620020866394043e-01,1.051169991493225098e+00,5.376340150833129883e-01,7.192019820213317871e-01,6.295260190963745117e-01,6.892120242118835449e-01,6.614300012588500977e-01
1.514330029487609863e+00,1.431550025939941406e+00,9.114440083503723145e-01,1.104840040206909180e+00,1.085119962692260742e+00,9.079269766807556152e-01,2.572350025177001953e+00,4.645960032939910889e-01,0.000000000000000000e+00,2.629909992218017578e+00,3.631280064582824707e-01,9.331079721450805664e-01,7.693949937820434570e-01,1.066709995269775391e+00,7.904430031776428223e-01,1.072739958763122559e+00,1.396160006523132324e+00,6.039590239524841309e-01,8.862050175666809082e-01,3.122560083866119385e-01,2.298559993505477905e-01,5.055860280990600586e-01,1.067829966545104980e+00,2.333509922027587891e+00,5.252529978752136230e-01,6.746960282325744629e-01,8.302580118179321289e-01,1.499250054359436035e+00,7.745929807424545288e-02,1.732589960098266602e+00,1.030869960784912109e+00,9.661840200424194336e-01,1.221469998359680176e+00,1.516459941864013672e+00,8.662610054016113281e-01,5.991659760475158691e-01,6.941969990730285645e-01,2.988049983978271484e-01,6.582810282707214355e-01,7.952939867973327637e-01,1.375589966773986816e+00,1.706830024719238281e+00,1.170359969139099121e+00,1.120530009269714355e+00,4.146339893341064453e-01,7.577490210533142090e-01,7.415249943733215332e-01,2.611750066280364990e-01,5.970150232315063477e-01
1.457229971885681152e+00,1.439630031585693359e+00,1.135489940643310547e+00,1.143000006675720215e+00,1.027959942817687988e+00,7.998420000076293945e-01,3.018470048904418945e+00,3.915430009365081787e-01,0.000000000000000000e+00,2.480340003967285156e+00,5.521810054779052734e-01,9.859610199928283691e-01,7.035369873046875000e-01,1.001960039138793945e+00,5.944839715957641602e-01,9.346910119056701660e-01,1.409629940986633301e+00,5.879539847373962402e-01,8.175209760665893555e-01,3.119150102138519287e-01,1.115140020847320557e-01,3.798579871654510498e-01,9.944009780883789062e-01,2.181859970092773438e+00,4.385380148887634277e-01,6.653699874877929688e-01,9.153320193290710449e-01,1.433109998703002930e+00,1.041669994592666626e-01,1.756929993629455566e+00,1.169989943504333496e+00,4.062089920043945312e-01,1.130120038986206055e+00,1.091869950294494629e+00,6.414240002632141113e-01,5.857369899749755859e-01,6.595299839973449707e-01,2.333720028400421143e-01,8.356909751892089844e-01,7.007229924201965332e-01,1.386459946632385254e+00,1.533270001411437988e+00,1.238630056381225586e+00,1.091330051422119141e+00,4.936749935150146484e-01,7.061899900436401367e-01,6.165980100631713867e-01,2.554279863834381104e-01,3.851090073585510254e-01
1.403360009193420410e+00,1.665359973907470703e+00,1.098410010337829590e+00,1.040820002555847168e+00,1.096869945526123047e+00,8.443459868431091309e-01,3.394370079040527344e+00,5.060480237007141113e-01,0.000000000000000000e+00,2.456389904022216797e+00,5.695980191230773926e-01,8.267089724540710449e-01,8.259230256080627441e-01,9.944750070571899414e-01,8.178669810295104980e-01,1.031520009040832520e+00,1.295660018920898438e+00,7.158679962158203125e-01,7.651669979095458984e-01,4.158929884433746338e-01,2.486480027437210083e-01,5.641319751739501953e-01,1.332460045814514160e+00,2.068180084228515625e+00,6.905710101127624512e-01,7.083529829978942871e-01,8.288930058479309082e-01,2.272030115127563477e+00,0.000000000000000000e+00,1.775939941406250000e+00,1.302899956703186035e+00,6.822469830513000488e-01,1.116510033607482910e+00,1.045510053634643555e+00,3.039509952068328857e-01,5.994589924812316895e-01,6.271499991416931152e-01,2.446430027484893799e-01,9.569380283355712891e-01,8.677060008049011230e-01,1.558660030364990234e+00,1.633659958839416504e+00,1.506520032882690430e+00,1.095139980316162109e+00,6.550220251083374023e-01,6.166999936103820801e-01,7.653710246086120605e-01,3.003700077533721924e-01,9.496679902076721191e-01
1.277089953422546387e+00,1.317479968070983887e+00,7.955080270767211914e-01,1.101619958877563477e+00,1.004279971122741699e+00,7.416210174560546875e-01,1.915380001068115234e+00,4.149380028247833252e-01,0.000000000000000000e+00,2.009589910507202148e+00,5.776640176773071289e-01,6.752949953079223633e-01,7.925860285758972168e-01,1.021559953689575195e+00,9.481480121612548828e-01,7.783650159835815430e-01,1.331869959831237793e+00,6.953200101852416992e-01,7.897359728813171387e-01,4.084590077400207520e-01,2.247190028429031372e-01,5.541890263557434082e-01,1.195309996604919434e+00,1.697090029716491699e+00,4.161249995231628418e-01,7.002549767494201660e-01,2.108220100402832031e+00,1.511500000953674316e+00,1.025639995932579041e-01,1.666849970817565918e+00,1.257230043411254883e+00,1.003859996795654297e+00,1.119709968566894531e+00,1.189020037651062012e+00,6.350010037422180176e-01,6.585649847984313965e-01,6.207609772682189941e-01,3.304390013217926025e-01,1.057219982147216797e+00,8.485640287399291992e-01,1.187510013580322266e+00,1.597820043563842773e+00,1.457239985466003418e+00,1.109979987144470215e+00,5.012530088424682617e-01,6.991000175476074219e-01,5.909129977226257324e-01,2.864620089530944824e-01,6.995880007743835449e-01
1.043120026588439941e+00,1.545639991760253906e+00,7.665510177612304688e-01,1.077219963073730469e+00,1.003610014915466309e+00,9.011650085449218750e-01,3.087539911270141602e+00,4.405800104141235352e-01,0.000000000000000000e+00,1.867390036582946777e+00,7.772020101547241211e-01,8.903059959411621094e-01,7.408879995346069336e-01,9.489709734916687012e-01,9.103779792785644531e-01,9.245489835739135742e-01,1.264439940452575684e+00,7.786099910736083984e-01,9.448620080947875977e-01,6.186249852180480957e-01,2.146759927272796631e-01,4.949699938297271729e-01,1.325070023536682129e+00,2.022799968719482422e+00,5.852419734001159668e-01,6.844180226325988770e-01,6.855440139770507812e-01,1.752460002899169922e+00,0.000000000000000000e+00,1.913450002670288086e+00,1.179090023040771484e+00,1.856060028076171875e+00,1.281649947166442871e+00,1.377550005912780762e+00,2.708689868450164795e-01,6.236240267753601074e-01,6.872239708900451660e-01,2.708350121974945068e-01,6.979560256004333496e-01,6.404690146446228027e-01,1.283560037612915039e+00,1.753010034561157227e+00,1.407649993896484375e+00,1.194069981575012207e+00,7.534049749374389648e-01,7.353780269622802734e-01,6.491950154304504395e-01,2.437729984521865845e-01,5.686429738998413086e-01
1.117689967155456543e+00,1.295529961585998535e+00,7.686849832534790039e-01,1.154199957847595215e+00,1.082290053367614746e+00,8.343089818954467773e-01,2.593250036239624023e+00,4.820629954338073730e-01,0.000000000000000000e+00,1.804759979248046875e+00,7.800890207290649414e-01,8.048070073127746582e-01,8.181859850883483887e-01,9.595410227775573730e-01,9.055899977684020996e-01,7.753159999847412109e-01,1.325790047645568848e+00,7.939130067825317383e-01,1.180029988288879395e+00,6.358659863471984863e-01,2.204139977693557739e-01,4.250139892101287842e-01,1.361269950866699219e+00,2.052649974822998047e+00,7.056710124015808105e-01,7.531120181083679199e-01,8.397930264472961426e-01,1.523399949073791504e+00,0.000000000000000000e+00,1.856819987297058105e+00,1.052469968795776367e+00,8.526189923286437988e-01,1.260470032691955566e+00,1.395259976387023926e+00,3.086419999599456787e-01,6.231579780578613281e-01,7.018280029296875000e-01,3.138850033283233643e-01,9.376429915428161621e-01,8.159040212631225586e-01,1.286700010299682617e+00,1.809929966926574707e+00,1.393610000610351562e+00,1.294549942016601562e+00,6.606109738349914551e-01,7.591670155525207520e-01,6.642569899559020996e-01,3.061079978942871094e-01,9.958509802818298340e-01
1.177940011024475098e+00,1.703050017356872559e+00,7.184259891510009766e-01,1.260810017585754395e+00,1.158529996871948242e+00,7.427549958229064941e-01,3.390480041503906250e+00,5.237389802932739258e-01,0.000000000000000000e+00,1.743469953536987305e+00,5.656110048294067383e-01,6.691759824752807617e-01,7.967839837074279785e-01,8.414829969406127930e-01,1.305330038070678711e+00,7.945230007171630859e-01,1.346099972724914551e+00,7.232310175895690918e-01,1.002509951591491699e+00,6.327880024909973145e-01,2.575109899044036865e-01,4.251289963722229004e-01,1.276020050048828125e+00,1.938320040702819824e+00,6.175889968872070312e-01,9.106680154800415039e-01,8.076580166816711426e-01,1.344939947128295898e+00,2.123139947652816772e-01,2.009490013122558594e+00,1.159270048141479492e+00,1.703969955444335938e+00,1.263210058212280273e+00,1.161849975585937500e+00,1.263020038604736328e-01,5.599579811096191406e-01,6.698529720306396484e-01,3.814429938793182373e-01,7.207319736480712891e-01,8.279970288276672363e-01,1.320770025253295898e+00,1.692100048065185547e+00,1.391010046005249023e+00,1.295009970664978027e+00,5.208330154418945312e-01,7.104039788246154785e-01,6.583799719810485840e-01,1.491239964962005615e-01,4.924089908599853516e-01
1.169499993324279785e+00,1.763540029525756836e+00,8.272830247879028320e-01,1.307850003242492676e+00,9.742230176925659180e-01,8.802350163459777832e-01,3.031529903411865234e+00,5.274130105972290039e-01,0.000000000000000000e+00,1.827489972114562988e+00,6.092249751091003418e-01,6.900810003280639648e-01,9.044219851493835449e-01,8.979979753494262695e-01,1.190600037574768066e+00,9.737960100173950195e-01,1.547950029373168945e+00,8.552389740943908691e-01,1.173290014266967773e+00,7.457119822502136230e-01,3.003000020980834961e-01,3.888449966907501221e-01,1.501600027084350586e+00,2.162849903106689453e+00,5.694320201873779297e-01,9.431030154228210449e-01,9.364939928054809570e-01,1.465090036392211914e+00,0.000000000000000000e+00,1.991119980812072754e+00,1.291659951210021973e+00,1.470000028610229492e+00,1.138659954071044922e+00,1.248319983482360840e+00,5.258550047874450684e-01,7.182499766349792480e-01,7.402970194816589355e-01,3.732439875602722168e-01,7.634570002555847168e-01,7.526739835739135742e-01,1.563140034675598145e+00,1.925099968910217285e+00,1.711830019950866699e+00,1.356660008430480957e+00,6.951869726181030273e-01,7.413169741630554199e-01,7.352240085601806641e-01,3.190639913082122803e-01,3.576219975948333740e-01
1.385040044784545898e+00,1.819059967994689941e+00,7.488269805908203125e-01,1.628579974174499512e+00,1.118289947509765625e+00,8.057079911231994629e-01,3.099020004272460938e+00,5.795810222625732422e-01,0.000000000000000000e+00,1.985659956932067871e+00,3.541080057621002197e-01,7.447599768638610840e-01,9.382969737052917480e-01,1.026630043983459473e+00,1.179389953613281250e+00,1.006299972534179688e+00,1.928079962730407715e+00,7.869089841842651367e-01,1.484359979629516602e+00,6.308739781379699707e-01,1.808969974517822266e-01,3.288170099258422852e-01,1.833789944648742676e+00,2.292239904403686523e+00,6.064360141754150391e-01,1.055950045585632324e+00,1.066980004310607910e+00,1.697399973869323730e+00,9.803920239210128784e-02,2.153680086135864258e+00,1.354259967803955078e+00,1.511929988861083984e+00,1.153020024299621582e+00,1.271440029144287109e+00,1.050230026245117188e+00,8.302879929542541504e-01,6.801210045814514160e-01,6.109730005264282227e-01,7.450280189514160156e-01,7.763320207595825195e-01,1.619050025939941406e+00,2.041860103607177734e+00,1.561990022659301758e+00,1.381450057029724121e+00,6.871039867401123047e-01,7.709860205650329590e-01,8.437250256538391113e-01,2.747530043125152588e-01,3.391749858856201172e-01
1.641669988632202148e+00,2.060460090637207031e+00,1.002709984779357910e+00,1.678859949111938477e+00,1.183259963989257812e+00,9.996410012245178223e-01,4.269659996032714844e+00,5.406619906425476074e-01,0.000000000000000000e+00,2.413579940795898438e+00,4.420270025730133057e-01,1.046499967575073242e+00,9.866200089454650879e-01,1.246090054512023926e+00,1.511049985885620117e+00,1.361420035362243652e+00,2.229549884796142578e+00,8.510230183601379395e-01,1.545699954032897949e+00,5.518479943275451660e-01,3.540929853916168213e-01,4.014239907264709473e-01,1.763229966163635254e+00,3.547389984130859375e+00,7.828750014305114746e-01,1.267009973526000977e+00,9.734510183334350586e-01,1.870949983596801758e+00,9.216590225696563721e-02,2.176179885864257812e+00,1.877500057220458984e+00,9.352220296859741211e-01,1.380249977111816406e+00,1.404770016670227051e+00,1.789899945259094238e+00,9.431880116462707520e-01,7.349110245704650879e-01,6.227639913558959961e-01,1.243890047073364258e+00,8.091289997100830078e-01,1.796810030937194824e+00,2.376529932022094727e+00,1.843909978866577148e+00,1.599740028381347656e+00,6.724050045013427734e-01,9.660890102386474609e-01,7.461649775505065918e-01,3.115890026092529297e-01,9.424600005149841309e-01
1.667559981346130371e+00,1.957219958305358887e+00,1.202299952507019043e+00,1.876829981803894043e+00,1.185719966888427734e+00,1.164240002632141113e+00,4.639750003814697266e+00,6.484640240669250488e-01,0.000000000000000000e+00,2.976880073547363281e+00,3.518649935722351074e-01,1.212309956550598145e+00,1.088289976119995117e+00,1.310400009155273438e+00,1.514520049095153809e+00,1.617779970169067383e+00,2.196789979934692383e+00,9.867839813232421875e-01,1.655529975891113281e+00,8.275150060653686523e-01,4.531480073928833008e-01,5.046210289001464844e-01,1.901039958000183105e+00,2.660749912261962891e+00,8.533840179443359375e-01,1.479300022125244141e+00,9.360370039939880371e-01,2.028199911117553711e+00,0.000000000000000000e+00,2.502379894256591797e+00,1.866870045661926270e+00,2.088049888610839844e+00,1.386010050773620605e+00,1.169270038604736328e+00,1.540619969367980957e+00,1.169919967651367188e+00,8.463379740715026855e-01,4.709579944610595703e-01,1.003600001335144043e+00,8.624269962310791016e-01,2.294209957122802734e+00,2.569149971008300781e+00,1.567409992218017578e+00,1.674200057983398438e+00,8.154389858245849609e-01,9.665589928627014160e-01,7.940710186958312988e-01,4.666509926319122314e-01,9.310989975929260254e-01
1.949399948120117188e+00,1.914880037307739258e+00,1.986220002174377441e+00,2.095259904861450195e+00,1.010269999504089355e+00,1.172600030899047852e+00,4.799870014190673828e+00,7.124800086021423340e-01,0.000000000000000000e+00,3.364769935607910156e+00,5.692600011825561523e-01,1.392879962921142578e+00,1.168210029602050781e+00,1.579159975051879883e+00,2.065809965133666992e+00,1.809139966964721680e+00,2.057529926300048828e+00,1.042750000953674316e+00,1.722540020942687988e+00,7.592049837112426758e-01,3.793759942054748535e-01,6.006010174751281738e-01,1.684049963951110840e+00,2.359460115432739258e+00,8.612440228462219238e-01,1.673570036888122559e+00,1.482089996337890625e+00,2.261140108108520508e+00,0.000000000000000000e+00,2.618429899215698242e+00,2.318180084228515625e+00,2.058579921722412109e+00,1.579210042953491211e+00,1.426810026168823242e+00,1.317489981651306152e+00,1.433670043945312500e+00,1.020859956741333008e+00,4.030629992485046387e-01,1.385640025138854980e+00,9.072980284690856934e-01,2.264879941940307617e+00,2.701329946517944336e+00,1.601009964942932129e+00,1.952620029449462891e+00,1.027209997177124023e+00,1.104410052299499512e+00,7.543050050735473633e-01,4.504500031471252441e-01,5.371530055999755859e-01
1.904209971427917480e+00,1.423200011253356934e+00,1.795549988746643066e+00,2.135270118713378906e+00,1.202090024948120117e+00,1.187299966812133789e+00,4.574900150299072266e+00,7.255139946937561035e-01,0.000000000000000000e+00,4.671510219573974609e+00,4.460299909114837646e-01,1.314239978790283203e+00,1.186800003051757812e+00,1.751150012016296387e+00,1.639340043067932129e+00,2.009939908981323242e+00,1.984619975090026855e+00,1.038540005683898926e+00,1.795379996299743652e+00,6.528369784355163574e-01,4.542869925498962402e-01,5.080729722976684570e-01,1.760560035705566406e+00,2.822259902954101562e+00,1.289129972457885742e+00,1.739269971847534180e+00,1.187870025634765625e+00,2.163530111312866211e+00,0.000000000000000000e+00,2.893539905548095703e+00,2.759150028228759766e+00,2.179899930953979492e+00,1.509600043296813965e+00,1.636829972267150879e+00,1.277609944343566895e+00,1.782150030136108398e+00,1.069589972496032715e+00,4.796980023384094238e-01,1.488059997558593750e+00,6.473109722137451172e-01,2.463239908218383789e+00,2.594019889831542969e+00,1.558410048484802246e+00,2.085089921951293945e+00,1.186269998550415039e+00,1.249369978904724121e+00,9.364309906959533691e-01,3.012050092220306396e-01,7.744429707527160645e-01
2.163640022277832031e+00,1.585459947586059570e+00,2.284199953079223633e+00,2.358459949493408203e+00,1.435479998588562012e+00,1.247329950332641602e+00,5.115009784698486328e+00,7.117440104484558105e-01,0.000000000000000000e+00,5.126319885253906250e+00,3.855690062046051025e-01,1.538110017776489258e+00,1.261819958686828613e+00,2.252079963684082031e+00,1.750440001487731934e+00,2.542730093002319336e+00,1.747050046920776367e+00,1.030480027198791504e+00,1.676429986953735352e+00,7.089530229568481445e-01,8.110010027885437012e-01,4.949190020561218262e-01,1.616299986839294434e+00,3.148129940032958984e+00,1.159240007400512695e+00,1.809900045394897461e+00,1.282420039176940918e+00,2.473730087280273438e+00,0.000000000000000000e+00,2.799149990081787109e+00,3.265619993209838867e+00,2.615540027618408203e+00,1.552399992942810059e+00,1.728960037231445312e+00,1.719900012016296387e+00,1.637140035629272461e+00,1.049469947814941406e+00,5.664809942245483398e-01,1.592110037803649902e+00,8.366529941558837891e-01,3.203049898147583008e+00,2.805119991302490234e+00,1.874070048332214355e+00,2.373680114746093750e+00,9.706490039825439453e-01,1.264070034027099609e+00,9.147419929504394531e-01,4.432519972324371338e-01,6.906080245971679688e-01
2.642290115356445312e+00,1.602609992027282715e+00,2.173549890518188477e+00,2.334700107574462891e+00,1.912019968032836914e+00,1.275529980659484863e+00,4.325469970703125000e+00,7.589370012283325195e-01,0.000000000000000000e+00,4.401420116424560547e+00,5.858920216560363770e-01,2.069109916687011719e+00,1.281669974327087402e+00,2.478339910507202148e+00,1.871960043907165527e+00,2.461289882659912109e+00,1.606789946556091309e+00,1.012770056724548340e+00,1.809100031852722168e+00,7.538639903068542480e-01,4.741289913654327393e-01,4.278410077095031738e-01,1.568840026855468750e+00,3.278439998626708984e+00,1.035009980201721191e+00,1.988019943237304688e+00,1.537529945373535156e+00,2.888190031051635742e+00,0.000000000000000000e+00,2.729510068893432617e+00,3.822370052337646484e+00,2.038470029830932617e+00,1.497650027275085449e+00,1.740900039672851562e+00,1.747490048408508301e+00,1.641610026359558105e+00,1.208389997482299805e+00,3.254739940166473389e-01,1.735579967498779297e+00,9.409919977188110352e-01,2.995069980621337891e+00,3.313479900360107422e+00,2.308820009231567383e+00,2.487319946289062500e+00,1.406499981880187988e+00,1.226179957389831543e+00,1.135419964790344238e+00,1.151319980621337891e+00,1.871289968490600586e+00
2.389139890670776367e+00,1.987920045852661133e+00,1.942870020866394043e+00,2.722929954528808594e+00,2.231080055236816406e+00,1.135669946670532227e+00,4.638810157775878906e+00,7.425739765167236328e-01,0.000000000000000000e+00,4.245190143585205078e+00,7.678809762001037598e-01,2.600919961929321289e+00,1.362439990043640137e+00,2.133140087127685547e+00,2.036479949951171875e+00,2.462229967117309570e+00,1.313599944114685059e+00,1.024150013923645020e+00,1.881440043449401855e+00,1.037359952926635742e+00,3.616090118885040283e-01,4.248659908771514893e-01,1.953529953956604004e+00,2.099950075149536133e+00,1.359789967536926270e+00,2.048990011215209961e+00,2.658230066299438477e+00,2.670289993286132812e+00,7.473839819431304932e-02,2.521559953689575195e+00,3.384809970855712891e+00,2.514270067214965820e+00,1.468899965286254883e+00,1.871510028839111328e+00,1.569059967994689941e+00,1.586410045623779297e+00,1.334849953651428223e+00,3.459089994430541992e-01,1.751829981803894043e+00,9.001640081405639648e-01,2.781290054321289062e+00,3.382879972457885742e+00,2.265039920806884766e+00,2.842230081558227539e+00,7.252749800682067871e-01,1.324100017547607422e+00,9.969559907913208008e-01,8.237419724464416504e-01,2.583590030670166016e+00
2.155639886856079102e+00,1.746109962463378906e+00,1.816280007362365723e+00,2.387470006942749023e+00,2.203239917755126953e+00,1.272850036621093750e+00,5.145229816436767578e+00,1.084179997444152832e+00,0.000000000000000000e+00,3.555880069732666016e+00,7.563480138778686523e-01,2.576289892196655273e+00,1.411460041999816895e+00,2.003950119018554688e+00,2.049890041351318359e+00,2.300920009613037109e+00,1.142609953880310059e+00,1.234449982643127441e+00,2.314039945602416992e+00,1.088209986686706543e+00,6.106870174407958984e-01,5.988590121269226074e-01,2.166079998016357422e+00,2.615190029144287109e+00,1.611899971961975098e+00,2.165719985961914062e+00,2.001110076904296875e+00,2.701740026473999023e+00,3.037210106849670410e-01,3.237699985504150391e+00,2.958270072937011719e+00,1.556540012359619141e+00,1.585270047187805176e+00,2.059240102767944336e+00,1.413349986076354980e+00,1.569609999656677246e+00,1.726869940757751465e+00,2.561770081520080566e-01,1.446679949760437012e+00,1.275480031967163086e+00,2.691770076751708984e+00,3.164860010147094727e+00,2.451329946517944336e+00,2.905709981918334961e+00,1.148599982261657715e+00,1.281669974327087402e+00,1.394219994544982910e+00,7.045230269432067871e-01,1.727859973907470703e+00
1.654060006141662598e+00,1.543329954147338867e+00,1.915339946746826172e+00,2.027450084686279297e+00,2.022550106048583984e+00,1.455080032348632812e+00,5.458439826965332031e+00,9.456059932708740234e-01,0.000000000000000000e+00,2.910399913787841797e+00,1.752300024032592773e+00,2.142359972000122070e+00,1.330760002136230469e+00,1.795809984207153320e+00,1.508810043334960938e+00,1.909399986267089844e+00,9.462100267410278320e-01,1.170429944992065430e+00,2.277800083160400391e+00,1.291360020637512207e+00,6.306939721107482910e-01,8.950240015983581543e-01,1.953160047531127930e+00,1.734030008316040039e+00,1.548099994659423828e+00,1.902770042419433594e+00,2.017620086669921875e+00,2.146179914474487305e+00,3.502629995346069336e-01,3.048140048980712891e+00,2.415729999542236328e+00,2.536799907684326172e+00,1.792430043220520020e+00,2.528369903564453125e+00,1.248270034790039062e+00,1.325029969215393066e+00,1.738270044326782227e+00,4.230299890041351318e-01,1.460590004920959473e+00,1.163020014762878418e+00,1.807369947433471680e+00,2.722219944000244141e+00,2.019020080566406250e+00,2.926059961318969727e+00,1.097090005874633789e+00,1.416890025138854980e+00,1.552019953727722168e+00,6.810070276260375977e-01,2.149280071258544922e+00
1.630540013313293457e+00,1.284440040588378906e+00,1.525699973106384277e+00,1.893540024757385254e+00,1.887779951095581055e+00,1.279610037803649902e+00,7.288139820098876953e+00,9.992160201072692871e-01,0.000000000000000000e+00,2.533020019531250000e+00,1.388640046119689941e+00,1.932800054550170898e+00,1.243489980697631836e+00,1.626790046691894531e+00,1.508200049400329590e+00,1.909240007400512695e+00,8.953499794006347656e-01,1.288499951362609863e+00,2.299309968948364258e+00,1.421710014343261719e+00,7.862470149993896484e-01,1.420570015907287598e+00,1.875349998474121094e+00,1.774459958076477051e+00,1.757990002632141113e+00,1.607499957084655762e+00,2.888979911804199219e+00,2.042910099029541016e+00,0.000000000000000000e+00,3.365040063858032227e+00,2.491590023040771484e+00,2.017499923706054688e+00,1.979529976844787598e+00,1.475859999656677246e+00,9.231539964675903320e-01,1.420250058174133301e+00,1.643110036849975586e+00,3.109630048274993896e-01,9.694529771804809570e-01,9.485769867897033691e-01,1.550969958305358887e+00,2.269619941711425781e+00,2.063250064849853516e+00,2.847290039062500000e+00,1.014979958534240723e+00,1.500849962234497070e+00,1.410840034484863281e+00,4.384979903697967529e-01,2.259330034255981445e+00
1.722350001335144043e+00,1.302670001983642578e+00,1.764549970626831055e+00,1.632060050964355469e+00,1.996389985084533691e+00,1.499469995498657227e+00,5.679739952087402344e+00,1.261600017547607422e+00,0.000000000000000000e+00,2.347800016403198242e+00,1.179550051689147949e+00,1.828410029411315918e+00,1.270589947700500488e+00,1.366099953651428223e+00,1.381160020828247070e+00,1.714660048484802246e+00,8.914539813995361328e-01,1.361960053443908691e+00,2.128499984741210938e+00,1.157379984855651855e+00,8.529850244522094727e-01,1.218670010566711426e+00,1.886790037155151367e+00,2.195980072021484375e+00,1.899909973144531250e+00,1.435060024261474609e+00,2.142460107803344727e+00,2.281610012054443359e+00,0.000000000000000000e+00,3.550390005111694336e+00,2.503590106964111328e+00,2.027590036392211914e+00,2.238270044326782227e+00,1.613499999046325684e+00,8.838689923286437988e-01,9.538949728012084961e-01,1.599990010261535645e+00,3.433350026607513428e-01,1.044700026512145996e+00,1.267150044441223145e+00,1.562680006027221680e+00,2.217050075531005859e+00,2.168400049209594727e+00,0.000000000000000000e+00,8.795670270919799805e-01,1.507689952850341797e+00,1.448150038719177246e+00,3.900780081748962402e-01,1.707620024681091309e+00
1.621490001678466797e+00,1.670410037040710449e+00,1.761489987373352051e+00,1.651059985160827637e+00,2.261199951171875000e+00,1.593340039253234863e+00,4.637440204620361328e+00,1.071650028228759766e+00,2.674249887466430664e+00,2.414839982986450195e+00,1.498550057411193848e+00,1.735270023345947266e+00,9.976930022239685059e-01,1.442330002784729004e+00,1.351040005683898926e+00,1.689039945602416992e+00,1.126899957656860352e+00,1.269729971885681152e+00,2.223360061645507812e+00,1.226840019226074219e+00,1.654909968376159668e+00,4.648109912872314453e+00,1.667129993438720703e+00,2.427829980850219727e+00,1.397580027580261230e+00,1.384050011634826660e+00,2.108350038528442383e+00,2.122499942779541016e+00,0.000000000000000000e+00,3.527460098266601562e+00,2.637789964675903320e+00,2.158479928970336914e+00,2.285900115966796875e+00,2.715719938278198242e+00,1.053200006484985352e+00,1.355730056762695312e+00,1.597669959068298340e+00,3.783279955387115479e-01,1.261719942092895508e+00,9.014499783515930176e-01,1.569919943809509277e+00,2.425519943237304688e+00,1.918959975242614746e+00,2.596080064773559570e+00,1.126659989356994629e+00,1.499410033226013184e+00,1.188570022583007812e+00,2.073270082473754883e+00,1.669109940528869629e+00
1.550989985466003418e+00,1.362069964408874512e+00,1.823930025100708008e+00,1.599920034408569336e+00,2.317399978637695312e+00,1.697960019111633301e+00,4.569059848785400391e+00,1.001670002937316895e+00,2.721719980239868164e+00,2.559230089187622070e+00,1.493649959564208984e+00,1.774970054626464844e+00,1.011579990386962891e+00,1.371930003166198730e+00,1.288750052452087402e+00,1.604249954223632812e+00,9.849920272827148438e-01,1.211249947547912598e+00,1.984619975090026855e+00,1.320549964904785156e+00,1.463289976119995117e+00,4.013700008392333984e+00,1.736520051956176758e+00,2.467930078506469727e+00,1.672670006752014160e+00,1.284080028533935547e+00,2.259409904479980469e+00,1.973320007324218750e+00,3.395589888095855713e-01,3.243829965591430664e+00,2.833349943161010742e+00,1.710369944572448730e+00,2.119820117950439453e+00,2.681940078735351562e+00,1.715849995613098145e+00,1.399160027503967285e+00,1.469709992408752441e+00,4.249399900436401367e-01,1.195510029792785645e+00,8.714339733123779297e-01,1.443210005760192871e+00,2.204940080642700195e+00,2.195209980010986328e+00,2.318520069122314453e+00,9.465479850769042969e-01,1.554739952087402344e+00,1.055369973182678223e+00,1.532629966735839844e+00,3.107429981231689453e+00
1.629959940910339355e+00,1.421650052070617676e+00,1.632089972496032715e+00,1.702829957008361816e+00,2.190010070800781250e+00,1.413550019264221191e+00,4.164269924163818359e+00,8.462079763412475586e-01,2.813600063323974609e+00,2.260139942169189453e+00,1.010710000991821289e+00,1.455229997634887695e+00,1.047140002250671387e+00,1.308509945869445801e+00,1.472270011901855469e+00,1.393390059471130371e+00,8.942949771881103516e-01,1.117509961128234863e+00,1.793310046195983887e+00,1.192090034484863281e+00,1.513389945030212402e+00,3.753690004348754883e+00,1.491670012474060059e+00,2.582560062408447266e+00,1.888890027999877930e+00,1.144700050354003906e+00,3.058340072631835938e+00,2.137540102005004883e+00,3.723399937152862549e-01,2.894769906997680664e+00,2.946919918060302734e+00,1.940340042114257812e+00,1.948619961738586426e+00,2.564320087432861328e+00,1.279590010643005371e+00,1.363860011100769043e+00,1.627439975738525391e+00,3.364109992980957031e-01,1.161739945411682129e+00,8.654850125312805176e-01,1.409260034561157227e+00,2.219650030136108398e+00,2.219680070877075195e+00,2.179219961166381836e+00,9.303209781646728516e-01,1.533210039138793945e+00,1.123700022697448730e+00,1.461050033569335938e+00,3.186180114746093750e+00
1.732939958572387695e+00,1.333080053329467773e+00,1.791710019111633301e+00,1.707319974899291992e+00,2.221539974212646484e+00,1.444049954414367676e+00,4.851669788360595703e+00,9.127990007400512695e-01,2.880160093307495117e+00,2.487760066986083984e+00,1.162610054016113281e+00,1.425830006599426270e+00,1.073989987373352051e+00,1.315690040588378906e+00,1.076490044593811035e+00,1.516190052032470703e+00,9.241269826889038086e-01,1.084669947624206543e+00,1.878350019454956055e+00,1.434340000152587891e+00,1.501350045204162598e+00,4.016620159149169922e+00,1.531389951705932617e+00,2.561280012130737305e+00,1.769659996032714844e+00,1.233860015869140625e+00,2.223370075225830078e+00,2.570889949798583984e+00,4.833250045776367188e-01,3.016880035400390625e+00,3.166670083999633789e+00,2.226629972457885742e+00,1.949249982833862305e+00,2.484060049057006836e+00,1.039340019226074219e+00,1.331140041351318359e+00,1.353880047798156738e+00,7.741739749908447266e-01,1.201769948005676270e+00,1.013810038566589355e+00,1.255059957504272461e+00,2.294759988784790039e+00,2.430059909820556641e+00,2.208790063858032227e+00,9.327999949455261230e-01,1.496180057525634766e+00,9.974240064620971680e-01,1.354310035705566406e+00,2.822710037231445312e+00
1.879500031471252441e+00,1.700170040130615234e+00,2.419630050659179688e+00,1.672029972076416016e+00,2.481899976730346680e+00,1.687569975852966309e+00,3.143610000610351562e+00,7.112489938735961914e-01,3.365119934082031250e+00,2.948319911956787109e+00,1.539160013198852539e+00,1.647210001945495605e+00,1.136710047721862793e+00,1.534420013427734375e+00,1.125000000000000000e+00,2.095160007476806641e+00,1.105110049247741699e+00,1.201939940452575684e+00,1.877419948577880859e+00,1.379580020904541016e+00,1.959059953689575195e+00,4.162509918212890625e+00,1.757840037345886230e+00,3.011749982833862305e+00,2.044389963150024414e+00,1.275269985198974609e+00,3.163209915161132812e+00,2.051500082015991211e+00,6.591339707374572754e-01,2.923959970474243164e+00,3.683769941329956055e+00,1.743849992752075195e+00,2.370589971542358398e+00,2.639290094375610352e+00,1.475890040397644043e+00,1.346050024032592773e+00,1.465880036354064941e+00,2.439019918441772461e+00,1.332190036773681641e+00,1.090119957923889160e+00,1.525910019874572754e+00,2.484110116958618164e+00,2.816970109939575195e+00,2.084559917449951172e+00,1.033059954643249512e+00,1.611629962921142578e+00,1.268669962882995605e+00,1.079820036888122559e+00,2.789400100708007812e+00
2.283159971237182617e+00,2.005039930343627930e+00,2.306149959564208984e+00,1.839800000190734863e+00,2.569259881973266602e+00,1.646149992942810059e+00,4.039740085601806641e+00,7.162039875984191895e-01,3.427050113677978516e+00,3.872550010681152344e+00,1.531509995460510254e+00,1.411149978637695312e+00,1.209890007972717285e+00,1.731369972229003906e+00,1.384529948234558105e+00,1.728530049324035645e+00,1.312350034713745117e+00,1.420889973640441895e+00,1.866389989852905273e+00,1.345980048179626465e+00,2.068569898605346680e+00,4.213930130004882812e+00,1.880630016326904297e+00,3.205810070037841797e+00,1.894330024719238281e+00,1.453649997711181641e+00,2.701240062713623047e+00,1.988190054893493652e+00,5.835760235786437988e-01,3.546050071716308594e+00,4.129310131072998047e+00,1.801880002021789551e+00,2.245160102844238281e+00,2.985440015792846680e+00,1.625839948654174805e+00,1.307019948959350586e+00,1.805830001831054688e+00,1.532709956169128418e+00,1.770529985427856445e+00,8.514170050621032715e-01,1.855299949645996094e+00,2.583450078964233398e+00,2.921509981155395508e+00,2.162750005722045898e+00,1.241799950599670410e+00,1.622920036315917969e+00,1.177309989929199219e+00,1.231320023536682129e+00,1.951089978218078613e+00
2.476160049438476562e+00,2.218319892883300781e+00,2.121439933776855469e+00,1.724310040473937988e+00,2.627449989318847656e+00,1.649530053138732910e+00,4.286520004272460938e+00,1.075379967689514160e+00,3.525700092315673828e+00,3.964309930801391602e+00,1.368409991264343262e+00,1.483010053634643555e+00,1.439079999923706055e+00,1.848410010337829590e+00,1.383530020713806152e+00,2.030220031738281250e+00,1.341009974479675293e+00,1.566329956054687500e+00,1.882269978523254395e+00,1.444769978523254395e+00,1.849949955940246582e+00,4.219409942626953125e+00,1.867859959602355957e+00,3.860199928283691406e+00,1.852659940719604492e+00,1.485640048980712891e+00,2.443710088729858398e+00,2.387320041656494141e+00,3.818410038948059082e-01,3.518749952316284180e+00,4.101729869842529297e+00,1.853839993476867676e+00,2.380700111389160156e+00,3.130490064620971680e+00,1.898169994354248047e+00,1.236999988555908203e+00,2.033560037612915039e+00,2.873480081558227539e+00,1.961199998855590820e+00,1.235610008239746094e+00,2.471659898757934570e+00,3.389159917831420898e+00,3.100509881973266602e+00,2.379549980163574219e+00,1.284229993820190430e+00,1.807530045509338379e+00,1.161980032920837402e+00,1.086300015449523926e+00,2.699559926986694336e+00
2.540580034255981445e+00,2.793760061264038086e+00,3.115020036697387695e+00,2.004820108413696289e+00,2.456929922103881836e+00,1.989429950714111328e+00,4.827589988708496094e+00,1.292189955711364746e+00,3.467750072479248047e+00,3.533540010452270508e+00,2.397550106048583984e+00,1.811429977416992188e+00,1.757419943809509277e+00,1.961140036582946777e+00,1.441249966621398926e+00,2.625129938125610352e+00,1.647789955139160156e+00,2.005929946899414062e+00,2.006560087203979492e+00,2.017119884490966797e+00,1.611340045928955078e+00,5.294030189514160156e+00,2.000499963760375977e+00,3.763570070266723633e+00,1.665339946746826172e+00,1.588729977607727051e+00,2.978490114212036133e+00,2.882970094680786133e+00,5.305039882659912109e-01,3.718230009078979492e+00,4.318520069122314453e+00,2.366189956665039062e+00,2.365380048751831055e+00,3.557919979095458984e+00,1.630949974060058594e+00,1.432780027389526367e+00,1.871899962425231934e+00,1.134220004081726074e+00,2.515470027923583984e+00,1.438210010528564453e+00,2.239069938659667969e+00,3.140170097351074219e+00,3.518759965896606445e+00,2.600500106811523438e+00,1.207970023155212402e+00,1.651769995689392090e+00,1.469539999961853027e+00,1.123460054397583008e+00,1.279770016670227051e+00
2.447700023651123047e+00,2.693419933319091797e+00,2.602590084075927734e+00,1.907039999961853027e+00,2.585230112075805664e+00,2.330140113830566406e+00,4.466430187225341797e+00,1.512650012969970703e+00,3.384030103683471680e+00,3.541670083999633789e+00,2.055480003356933594e+00,1.725209951400756836e+00,1.748219966888427734e+00,2.275810003280639648e+00,1.831400036811828613e+00,3.225729942321777344e+00,1.816869974136352539e+00,2.538690090179443359e+00,2.157380104064941406e+00,1.930500030517578125e+00,1.548619985580444336e+00,4.345849990844726562e+00,2.403039932250976562e+00,3.439359903335571289e+00,1.331769943237304688e+00,2.011009931564331055e+00,3.180119991302490234e+00,3.084249973297119141e+00,9.272140264511108398e-01,4.228089809417724609e+00,4.999169826507568359e+00,2.338190078735351562e+00,2.881079912185668945e+00,3.371659994125366211e+00,1.800390005111694336e+00,1.491700053215026855e+00,2.010440111160278320e+00,1.396950006484985352e+00,2.838880062103271484e+00,1.189739942550659180e+00,2.749360084533691406e+00,2.494659900665283203e+00,2.734210014343261719e+00,2.929790019989013672e+00,1.154729962348937988e+00,1.859189987182617188e+00,1.356449961662292480e+00,1.493790030479431152e+00,1.440919995307922363e+00
2.931289911270141602e+00,2.957400083541870117e+00,2.191250085830688477e+00,1.987930059432983398e+00,2.703599929809570312e+00,2.560800075531005859e+00,4.728809833526611328e+00,2.062060117721557617e+00,3.512830018997192383e+00,3.732719898223876953e+00,3.572510004043579102e+00,1.569720029830932617e+00,2.019920110702514648e+00,2.410379886627197266e+00,2.301440000534057617e+00,2.795449972152709961e+00,2.070240020751953125e+00,2.866909980773925781e+00,2.679939985275268555e+00,1.677459955215454102e+00,1.487120032310485840e+00,4.452260017395019531e+00,2.270979881286621094e+00,3.435640096664428711e+00,1.189370036125183105e+00,2.072740077972412109e+00,3.758790016174316406e+00,2.889499902725219727e+00,2.100090026855468750e+00,4.529029846191406250e+00,4.307909965515136719e+00,2.268640041351318359e+00,3.104239940643310547e+00,3.883019924163818359e+00,1.817980051040649414e+00,1.496000051498413086e+00,2.140579938888549805e+00,1.749420046806335449e+00,2.970649957656860352e+00,1.500169992446899414e+00,3.123330116271972656e+00,3.123169898986816406e+00,2.750020027160644531e+00,3.032330036163330078e+00,1.342710018157958984e+00,1.708230018615722656e+00,1.330320000648498535e+00,1.059479951858520508e+00,2.006789922714233398e+00
3.244159936904907227e+00,2.637190103530883789e+00,2.452320098876953125e+00,2.071350097656250000e+00,2.977169990539550781e+00,2.531689882278442383e+00,4.508560180664062500e+00,2.310950040817260742e+00,4.292399883270263672e+00,4.373919963836669922e+00,4.076700210571289062e+00,1.936409950256347656e+00,2.272700071334838867e+00,2.671780109405517578e+00,3.873239994049072266e+00,3.124449968338012695e+00,2.435750007629394531e+00,2.814369916915893555e+00,3.091150045394897461e+00,1.849959969520568848e+00,1.448680043220520020e+00,5.022029876708984375e+00,2.997539997100830078e+00,3.753639936447143555e+00,1.421210050582885742e+00,2.027610063552856445e+00,4.178430080413818359e+00,2.960150003433227539e+00,1.315790057182312012e+00,5.366459846496582031e+00,4.274270057678222656e+00,2.471849918365478516e+00,3.434459924697875977e+00,4.812600135803222656e+00,3.189110040664672852e+00,1.518300056457519531e+00,2.275219917297363281e+00,1.872310042381286621e+00,3.639499902725219727e+00,1.952999949455261230e+00,3.837630033493041992e+00,3.710299968719482422e+00,2.969379901885986328e+00,3.314500093460083008e+00,1.266639947891235352e+00,1.755059957504272461e+00,1.401999950408935547e+00,1.398149967193603516e+00,1.730769991874694824e+00
3.980890035629272461e+00,2.903179883956909180e+00,2.651439905166625977e+00,3.023129940032958984e+00,3.275269985198974609e+00,3.022389888763427734e+00,3.969749927520751953e+00,1.860080003738403320e+00,5.674129962921142578e+00,6.603350162506103516e+00,3.985320091247558594e+00,2.726979970932006836e+00,3.077480077743530273e+00,3.091559886932373047e+00,2.920510053634643555e+00,3.596780061721801758e+00,3.724339962005615234e+00,3.464289903640747070e+00,4.840579986572265625e+00,1.952990055084228516e+00,1.823349952697753906e+00,6.060800075531005859e+00,3.785279989242553711e+00,4.031310081481933594e+00,2.284650087356567383e+00,2.498509883880615234e+00,7.644139766693115234e+00,3.826220035552978516e+00,5.429859757423400879e-01,7.926330089569091797e+00,5.043290138244628906e+00,3.588269948959350586e+00,3.888689994812011719e+00,5.600269794464111328e+00,4.158639907836914062e+00,1.813860058784484863e+00,2.724869966506958008e+00,1.686840057373046875e+00,4.384809970855712891e+00,2.865669965744018555e+00,5.522689819335937500e+00,3.741719961166381836e+00,3.553809881210327148e+00,5.045700073242187500e+00,1.408120036125183105e+00,2.146790027618408203e+00,2.007689952850341797e+00,1.451830029487609863e+00,2.570689916610717773e+00
5.455180168151855469e+00,3.373229980468750000e+00,3.488859891891479492e+00,4.338669776916503906e+00,4.095119953155517578e+00,4.157310009002685547e+00,5.901120185852050781e+00,3.087810039520263672e+00,6.748050212860107422e+00,8.122710227966308594e+00,4.184100151062011719e+00,2.712460041046142578e+00,3.437309980392456055e+00,3.244879961013793945e+00,3.569869995117187500e+00,4.285679817199707031e+00,4.238870143890380859e+00,4.393489837646484375e+00,5.466619968414306641e+00,1.928609967231750488e+00,2.058259963989257812e+00,6.639709949493408203e+00,4.345829963684082031e+00,6.297450065612792969e+00,3.229850053787231445e+00,3.616230010986328125e+00,9.035829544067382812e+00,5.196499824523925781e+00,8.561639785766601562e-01,9.596320152282714844e+00,6.367159843444824219e+00,3.714230060577392578e+00,4.469329833984375000e+00,5.997670173645019531e+00,3.883759975433349609e+00,2.634860038757324219e+00,3.748980045318603516e+00,1.886109948158264160e+00,5.741119861602783203e+00,3.091360092163085938e+00,5.862880229949951172e+00,5.312320232391357422e+00,4.160639762878417969e+00,7.476920127868652344e+00,1.256770014762878418e+00,2.687720060348510742e+00,2.493259906768798828e+00,2.134829998016357422e+00,2.178560018539428711e+00
4.497759819030761719e+00,3.125360012054443359e+00,2.993959903717041016e+00,4.282690048217773438e+00,3.302069902420043945e+00,3.072139978408813477e+00,3.823689937591552734e+00,2.504470109939575195e+00,6.018499851226806641e+00,5.984010219573974609e+00,3.847559928894042969e+00,2.649240016937255859e+00,3.473999977111816406e+00,2.830359935760498047e+00,3.226000070571899414e+00,3.642460107803344727e+00,3.151240110397338867e+00,3.195509910583496094e+00,3.786669969558715820e+00,1.885480046272277832e+00,1.804419994354248047e+00,2.749959945678710938e+00,3.796099901199340820e+00,6.516089916229248047e+00,2.698800086975097656e+00,3.353369951248168945e+00,7.514900207519531250e+00,3.963330030441284180e+00,5.899710059165954590e-01,6.312079906463623047e+00,7.639689922332763672e+00,3.619479894638061523e+00,3.406290054321289062e+00,4.923580169677734375e+00,5.043879985809326172e+00,3.036900043487548828e+00,3.063649892807006836e+00,1.456869959831237793e+00,4.646130084991455078e+00,2.650680065155029297e+00,4.789159774780273438e+00,6.160830020904541016e+00,3.772710084915161133e+00,6.647640228271484375e+00,1.585729956626892090e+00,3.330169916152954102e+00,2.117850065231323242e+00,1.464949965476989746e+00,3.251579999923706055e+00
4.101640224456787109e+00,3.231950044631958008e+00,3.493900060653686523e+00,3.403179883956909180e+00,2.473740100860595703e+00,2.029560089111328125e+00,3.754209995269775391e+00,1.668359994888305664e+00,4.543910026550292969e+00,4.984290122985839844e+00,3.086879968643188477e+00,3.292370080947875977e+00,2.358639955520629883e+00,2.681040048599243164e+00,2.759299993515014648e+00,3.729079961776733398e+00,2.715260028839111328e+00,1.948320031166076660e+00,2.249540090560913086e+00,1.725769996643066406e+00,1.409129977226257324e+00,2.401969909667968750e+00,4.422780036926269531e+00,6.374450206756591797e+00,2.527620077133178711e+00,2.948930025100708008e+00,5.879419803619384766e+00,3.851609945297241211e+00,6.410260200500488281e-01,3.734260082244873047e+00,7.709859848022460938e+00,3.355200052261352539e+00,2.506289958953857422e+00,3.732579946517944336e+00,2.071959972381591797e+00,2.962260007858276367e+00,1.971160054206848145e+00,1.127650022506713867e+00,4.303969860076904297e+00,1.924039959907531738e+00,3.843869924545288086e+00,5.757909774780273438e+00,3.734119892120361328e+00,5.020909786224365234e+00,1.136360049247741699e+00,3.028359889984130859e+00,1.643470048904418945e+00,1.682270050048828125e+00,4.725480079650878906e+00
3.413909912109375000e+00,2.878079891204833984e+00,3.586879968643188477e+00,2.306070089340209961e+00,2.025609970092773438e+00,1.447260022163391113e+00,2.692080020904541016e+00,9.740719795227050781e-01,3.490319967269897461e+00,3.844079971313476562e+00,1.982229948043823242e+00,4.685490131378173828e+00,1.898849964141845703e+00,2.117919921875000000e+00,2.594219923019409180e+00,3.338949918746948242e+00,2.114540100097656250e+00,1.202800035476684570e+00,1.657780051231384277e+00,1.355100035667419434e+00,1.195629954338073730e+00,2.055759906768798828e+00,4.145060062408447266e+00,5.050799846649169922e+00,2.951699972152709961e+00,2.354439973831176758e+00,3.367949962615966797e+00,3.140180110931396484e+00,6.595219969749450684e-01,2.516129970550537109e+00,6.044539928436279297e+00,1.955539941787719727e+00,1.854079961776733398e+00,2.957809925079345703e+00,4.369760036468505859e+00,2.438590049743652344e+00,1.447999954223632812e+00,1.124850034713745117e+00,3.127549886703491211e+00,1.467120051383972168e+00,3.308290004730224609e+00,4.861340045928955078e+00,2.815320014953613281e+00,3.866440057754516602e+00,7.207210063934326172e-01,2.549069881439208984e+00,1.227679967880249023e+00,1.482059955596923828e+00,5.061480045318603516e+00
2.509520053863525391e+00,1.737509965896606445e+00,2.159310102462768555e+00,1.713909983634948730e+00,1.532930016517639160e+00,9.968259930610656738e-01,2.436650037765502930e+00,6.734009981155395508e-01,2.704210042953491211e+00,2.710829973220825195e+00,2.368299961090087891e+00,2.262809991836547852e+00,1.473670005798339844e+00,1.486060023307800293e+00,2.005620002746582031e+00,2.862070083618164062e+00,1.509109973907470703e+00,8.338490128517150879e-01,1.182100057601928711e+00,9.335349798202514648e-01,9.706929922103881836e-01,1.679970026016235352e+00,2.948410034179687500e+00,4.468860149383544922e+00,1.756199955940246582e+00,1.464949965476989746e+00,6.556200027465820312e+00,2.046999931335449219e+00,5.035970211029052734e-01,2.149329900741577148e+00,4.760230064392089844e+00,2.289439916610717773e+00,1.464169979095458984e+00,2.359549999237060547e+00,3.290640115737915039e+00,1.629220008850097656e+00,1.093950033187866211e+00,8.673310279846191406e-01,1.934919953346252441e+00,1.113559961318969727e+00,2.480789899826049805e+00,3.249560117721557617e+00,2.121229887008666992e+00,2.471250057220458984e+00,8.414239883422851562e-01,2.047840118408203125e+00,8.435260057449340820e-01,1.915030002593994141e+00,5.076779842376708984e+00
2.001590013504028320e+00,1.567299962043762207e+00,1.795469999313354492e+00,1.370290040969848633e+00,1.323770046234130859e+00,8.194479942321777344e-01,1.534170031547546387e+00,3.779920041561126709e-01,2.338710069656372070e+00,2.172810077667236328e+00,3.268549919128417969e+00,1.544399976730346680e+00,1.103430032730102539e+00,1.165549993515014648e+00,1.839959979057312012e+00,1.926730036735534668e+00,1.295359969139099121e+00,7.414600253105163574e-01,1.231320023536682129e+00,8.859450221061706543e-01,8.892909884452819824e-01,1.313109993934631348e+00,2.209619998931884766e+00,3.609450101852416992e+00,1.411620020866394043e+00,1.191149950027465820e+00,3.061870098114013672e+00,2.188129901885986328e+00,1.776199936866760254e-01,1.754390001296997070e+00,3.013279914855957031e+00,1.908509969711303711e+00,1.215409994125366211e+00,1.859599947929382324e+00,2.706249952316284180e+00,1.275709986686706543e+00,8.746950030326843262e-01,5.062220096588134766e-01,1.470929980278015137e+00,9.877139925956726074e-01,1.892369985580444336e+00,2.551379919052124023e+00,1.794479966163635254e+00,1.666710019111633301e+00,7.653059959411621094e-01,1.258489966392517090e+00,7.453929781913757324e-01,1.354099988937377930e+00,2.312139987945556641e+00
1.542170047760009766e+00,1.259289979934692383e+00,1.696390032768249512e+00,1.134340047836303711e+00,1.129510045051574707e+00,7.040960192680358887e-01,1.996729969978332520e+00,6.133459806442260742e-01,2.046900033950805664e+00,1.901260018348693848e+00,2.446549892425537109e+00,1.815479993820190430e+00,9.746220111846923828e-01,8.937900066375732422e-01,1.972360014915466309e+00,1.802940011024475098e+00,1.108379960060119629e+00,5.286290049552917480e-01,9.992290139198303223e-01,8.197339773178100586e-01,7.271100282669067383e-01,1.287050008773803711e+00,1.352380037307739258e+00,2.528520107269287109e+00,1.283990025520324707e+00,8.587059974670410156e-01,3.188070058822631836e+00,1.999089956283569336e+00,1.508300006389617920e-01,1.827100038528442383e+00,2.328069925308227539e+00,1.700399994850158691e+00,1.209810018539428711e+00,1.546959996223449707e+00,2.453429937362670898e+00,1.316149950027465820e+00,8.069270253181457520e-01,4.635300040245056152e-01,1.339720010757446289e+00,9.330340027809143066e-01,1.462890028953552246e+00,2.213229894638061523e+00,1.794149994850158691e+00,1.385890007019042969e+00,5.344740152359008789e-01,1.200960040092468262e+00,7.484700083732604980e-01,1.350909948348999023e+00,2.702699899673461914e+00
1.576210021972656250e+00,1.718170046806335449e+00,1.650200009346008301e+00,9.955379962921142578e-01,1.325399994850158691e+00,6.926969885826110840e-01,2.695899963378906250e+00,4.701629877090454102e-01,2.025409936904907227e+00,1.917969942092895508e+00,1.755139946937561035e+00,2.273010015487670898e+00,1.141800045967102051e+00,1.148440003395080566e+00,1.591750025749206543e+00,1.522979974746704102e+00,1.319339990615844727e+00,5.019019842147827148e-01,1.063490033149719238e+00,6.025459766387939453e-01,6.835010051727294922e-01,1.205559968948364258e+00,1.240929961204528809e+00,3.020390033721923828e+00,1.048410058021545410e+00,8.583120107650756836e-01,2.313699960708618164e+00,2.237309932708740234e+00,2.283110022544860840e-01,1.958439946174621582e+00,2.160629987716674805e+00,1.930969953536987305e+00,1.217380046844482422e+00,1.748170018196105957e+00,2.873759984970092773e+00,8.694440126419067383e-01,8.219500184059143066e-01,6.860730051994323730e-01,1.489779949188232422e+00,9.996250271797180176e-01,1.490980029106140137e+00,2.507930040359497070e+00,2.053469896316528320e+00,1.358999967575073242e+00,4.088160097599029541e-01,1.054509997367858887e+00,8.498269915580749512e-01,1.396669983863830566e+00,2.429300069808959961e+00
1.430029988288879395e+00,2.429600000381469727e+00,1.793290019035339355e+00,9.575999975204467773e-01,1.476950049400329590e+00,8.482180237770080566e-01,0.000000000000000000e+00,4.287250041961669922e-01,2.016890048980712891e+00,1.674990057945251465e+00,1.831349968910217285e+00,2.018670082092285156e+00,1.382640004158020020e+00,1.033229947090148926e+00,1.880319952964782715e+00,1.800860047340393066e+00,1.171530008316040039e+00,6.338750123977661133e-01,9.132530093193054199e-01,6.465520262718200684e-01,6.868450045585632324e-01,1.225710034370422363e+00,1.340809941291809082e+00,2.620929956436157227e+00,1.189010024070739746e+00,8.448780179023742676e-01,2.089829921722412109e+00,2.112349987030029297e+00,1.680669933557510376e-01,1.998720049858093262e+00,2.066070079803466797e+00,1.775500059127807617e+00,1.345080018043518066e+00,1.660199999809265137e+00,1.854009985923767090e+00,7.646729946136474609e-01,7.758910059928894043e-01,5.389829874038696289e-01,1.549980044364929199e+00,8.685200214385986328e-01,1.673400044441223145e+00,2.503129959106445312e+00,2.640909910202026367e+00,1.328469991683959961e+00,4.801709949970245361e-01,9.108449816703796387e-01,8.483740091323852539e-01,1.092509984970092773e+00,1.281640052795410156e+00
1.401749968528747559e+00,2.039510011672973633e+00,1.264960050582885742e+00,1.072870016098022461e+00,1.854099988937377930e+00,7.716010212898254395e-01,3.193459987640380859e+00,6.024100184440612793e-01,1.919510006904602051e+00,1.516639947891235352e+00,2.022959947586059570e+00,2.642100095748901367e+00,1.416450023651123047e+00,1.199779987335205078e+00,2.337019920349121094e+00,1.739150047302246094e+00,1.396049976348876953e+00,6.268870234489440918e-01,1.147189974784851074e+00,6.416130065917968750e-01,8.160470128059387207e-01,1.286919951438903809e+00,1.326439976692199707e+00,2.668420076370239258e+00,1.098899960517883301e+00,8.128929734230041504e-01,2.917010068893432617e+00,2.482640027999877930e+00,2.441010028123855591e-01,1.993909955024719238e+00,2.275010108947753906e+00,1.581310033798217773e+00,1.052590012550354004e+00,1.983029961585998535e+00,3.855089902877807617e+00,8.027589917182922363e-01,9.053360223770141602e-01,4.659749865531921387e-01,1.377140045166015625e+00,7.844560146331787109e-01,1.650640010833740234e+00,3.086090087890625000e+00,2.578609943389892578e+00,1.378219962120056152e+00,5.044140219688415527e-01,1.039100050926208496e+00,8.416100144386291504e-01,1.288429975509643555e+00,1.016469955444335938e+00
1.490129947662353516e+00,3.109090089797973633e+00,1.381459951400756836e+00,1.092409968376159668e+00,2.257920026779174805e+00,1.095819950103759766e+00,3.143150091171264648e+00,5.920400023460388184e-01,1.909319996833801270e+00,1.574990034103393555e+00,1.676509976387023926e+00,2.739269971847534180e+00,1.650249958038330078e+00,1.313560009002685547e+00,2.217930078506469727e+00,1.900969982147216797e+00,1.534289956092834473e+00,1.012850046157836914e+00,1.213029980659484863e+00,6.277419924736022949e-01,8.882550001144409180e-01,1.390050053596496582e+00,1.332280039787292480e+00,3.039459943771362305e+00,1.615689992904663086e+00,7.797819972038269043e-01,2.233249902725219727e+00,2.739619970321655273e+00,3.062790036201477051e-01,2.100810050964355469e+00,2.635679960250854492e+00,1.465800046920776367e+00,1.504619956016540527e+00,2.213160037994384766e+00,3.381639957427978516e+00,1.005699992179870605e+00,9.149760007858276367e-01,6.849880218505859375e-01,1.235440015792846680e+00,7.310829758644104004e-01,1.550119996070861816e+00,3.351769924163818359e+00,2.955610036849975586e+00,1.507760047912597656e+00,6.187890172004699707e-01,1.173560023307800293e+00,9.854599833488464355e-01,2.018870115280151367e+00,1.418169975280761719e+00
1.358229994773864746e+00,3.058429956436157227e+00,1.310809969902038574e+00,1.140650033950805664e+00,2.616470098495483398e+00,1.174350023269653320e+00,3.011379957199096680e+00,8.896989822387695312e-01,2.053679943084716797e+00,1.656949996948242188e+00,3.061219930648803711e+00,2.859009981155395508e+00,1.890120029449462891e+00,1.740380048751831055e+00,2.649590015411376953e+00,1.902320027351379395e+00,1.357159972190856934e+00,1.201609969139099121e+00,1.353600025177001953e+00,8.140810132026672363e-01,1.178740024566650391e+00,1.171200037002563477e+00,1.397950053215026855e+00,2.841589927673339844e+00,1.457139968872070312e+00,8.995090126991271973e-01,1.857229948043823242e+00,2.532429933547973633e+00,3.837299942970275879e-01,2.184060096740722656e+00,3.159919977188110352e+00,1.868540048599243164e+00,1.830590009689331055e+00,2.749779939651489258e+00,3.391390085220336914e+00,8.556709885597229004e-01,9.621610045433044434e-01,9.167240262031555176e-01,1.268120050430297852e+00,9.363780021667480469e-01,1.779979944229125977e+00,3.226069927215576172e+00,3.008320093154907227e+00,1.577020049095153809e+00,5.981510281562805176e-01,1.260259985923767090e+00,1.177209973335266113e+00,2.067620038986206055e+00,1.742920041084289551e+00
1.490640044212341309e+00,2.262860059738159180e+00,1.374629974365234375e+00,1.287320017814636230e+00,2.863899946212768555e+00,1.197170019149780273e+00,3.314179897308349609e+00,1.136739969253540039e+00,2.020200014114379883e+00,1.762820005416870117e+00,1.762380003929138184e+00,2.141089916229248047e+00,2.023200035095214844e+00,1.776029944419860840e+00,2.446810007095336914e+00,2.161770105361938477e+00,1.475950002670288086e+00,1.541479945182800293e+00,1.454059958457946777e+00,1.464179992675781250e+00,1.200620055198669434e+00,1.231490015983581543e+00,1.202440023422241211e+00,2.513890027999877930e+00,1.518030047416687012e+00,8.512070178985595703e-01,2.117779970169067383e+00,2.573339939117431641e+00,2.581619977951049805e+00,2.345220088958740234e+00,3.546880006790161133e+00,1.844920039176940918e+00,2.121049880981445312e+00,2.557430028915405273e+00,3.033339977264404297e+00,9.784219861030578613e-01,1.062569975852966309e+00,9.956849813461303711e-01,1.308220028877258301e+00,6.162400245666503906e-01,1.733420014381408691e+00,3.025150060653686523e+00,3.357270002365112305e+00,1.569800019264221191e+00,7.355399727821350098e-01,1.615650057792663574e+00,1.210250020027160645e+00,2.838390111923217773e+00,1.387760043144226074e+00
1.281530022621154785e+00,2.129120111465454102e+00,1.194429993629455566e+00,1.287789940834045410e+00,2.799249887466430664e+00,1.721779942512512207e+00,3.599240064620971680e+00,8.400340080261230469e-01,2.129479885101318359e+00,1.845209956169128418e+00,1.723410010337829590e+00,1.824429988861083984e+00,2.225759983062744141e+00,1.490339994430541992e+00,1.980610013008117676e+00,2.469909906387329102e+00,1.335109949111938477e+00,2.118570089340209961e+00,1.541180014610290527e+00,1.285419940948486328e+00,1.298009991645812988e+00,1.229969978332519531e+00,1.343369960784912109e+00,3.521790027618408203e+00,1.085500001907348633e+00,9.484009742736816406e-01,1.571429967880249023e+00,2.886460065841674805e+00,2.983289957046508789e+00,2.787770032882690430e+00,3.677939891815185547e+00,1.899309992790222168e+00,2.705430030822753906e+00,2.980190038681030273e+00,2.863090038299560547e+00,9.388549923896789551e-01,1.248909950256347656e+00,1.129299998283386230e+00,1.447340011596679688e+00,6.124349832534790039e-01,1.795070052146911621e+00,2.904979944229125977e+00,3.181299924850463867e+00,1.756929993629455566e+00,6.281170248985290527e-01,1.674829959869384766e+00,1.088950037956237793e+00,2.077310085296630859e+00,1.929980039596557617e+00
1.201179981231689453e+00,1.849799990653991699e+00,1.346670031547546387e+00,1.333529949188232422e+00,3.147789955139160156e+00,1.760679960250854492e+00,3.849339962005615234e+00,1.142490029335021973e+00,2.343790054321289062e+00,1.748420000076293945e+00,1.574499964714050293e+00,1.515679955482482910e+00,2.238980054855346680e+00,1.556920051574707031e+00,2.224119901657104492e+00,2.375580072402954102e+00,1.419559955596923828e+00,2.831300020217895508e+00,1.859809994697570801e+00,1.776280045509338379e+00,1.297240018844604492e+00,1.341799974441528320e+00,1.293789982795715332e+00,2.919389963150024414e+00,1.137590050697326660e+00,1.174090027809143066e+00,1.992859959602355957e+00,2.590869903564453125e+00,1.670459985733032227e+00,3.082659959793090820e+00,4.333179950714111328e+00,1.864510059356689453e+00,3.452470064163208008e+00,3.318969964981079102e+00,3.178900003433227539e+00,8.808360099792480469e-01,1.245450019836425781e+00,1.533509969711303711e+00,1.812710046768188477e+00,4.756680130958557129e-01,1.921120047569274902e+00,2.501290082931518555e+00,2.810570001602172852e+00,1.895969986915588379e+00,1.360540032386779785e+00,1.600000023841857910e+00,1.342900037765502930e+00,1.388069987297058105e+00,1.136360049247741699e+00
1.435050010681152344e+00,1.825160026550292969e+00,1.303990006446838379e+00,1.427060008049011230e+00,3.374449968338012695e+00,1.996649980545043945e+00,4.197669982910156250e+00,1.222309947013854980e+00,2.894710063934326172e+00,1.751850008964538574e+00,1.553990006446838379e+00,1.325690031051635742e+00,2.449520111083984375e+00,1.403309941291809082e+00,1.975700020790100098e+00,1.905320048332214355e+00,1.237910032272338867e+00,3.430249929428100586e+00,1.809309959411621094e+00,1.905410051345825195e+00,1.289669990539550781e+00,1.305940032005310059e+00,1.285640001296997070e+00,3.261149883270263672e+00,1.090389966964721680e+00,1.232779979705810547e+00,1.604580044746398926e+00,2.509759902954101562e+00,2.280970096588134766e+00,3.344069957733154297e+00,4.947189807891845703e+00,2.240080118179321289e+00,2.972290039062500000e+00,3.101579904556274414e+00,2.987699985504150391e+00,1.168499946594238281e+00,1.250149965286254883e+00,1.546589970588684082e+00,1.980499982833862305e+00,6.980580091476440430e-01,2.435379981994628906e+00,2.415570020675659180e+00,2.669329881668090820e+00,2.008260011672973633e+00,1.318390011787414551e+00,1.666039943695068359e+00,1.176059961318969727e+00,1.219380021095275879e+00,8.390920162200927734e-01
1.548939943313598633e+00,1.663879990577697754e+00,1.166260004043579102e+00,1.599830031394958496e+00,4.193910121917724609e+00,1.867290019989013672e+00,3.372649908065795898e+00,1.118440032005310059e+00,3.164969921112060547e+00,1.879480004310607910e+00,1.392500042915344238e+00,1.600669980049133301e+00,2.540719985961914062e+00,1.452389955520629883e+00,1.984779953956604004e+00,2.055000066757202148e+00,1.312119960784912109e+00,3.303139925003051758e+00,1.930639982223510742e+00,2.072910070419311523e+00,1.351510047912597656e+00,1.419209957122802734e+00,1.275060057640075684e+00,2.630350112915039062e+00,1.178699970245361328e+00,1.295469999313354492e+00,1.333330035209655762e+00,2.589809894561767578e+00,1.223580002784729004e+00,3.177959918975830078e+00,5.894680023193359375e+00,2.058029890060424805e+00,2.681220054626464844e+00,3.129070043563842773e+00,9.566259980201721191e-01,1.304170012474060059e+00,1.289549946784973145e+00,1.265419960021972656e+00,2.021379947662353516e+00,5.465180277824401855e-01,2.089370012283325195e+00,2.427390098571777344e+00,2.508110046386718750e+00,1.999650001525878906e+00,9.722219705581665039e-01,2.122519969940185547e+00,1.268679976463317871e+00,7.303910255432128906e-01,1.400969982147216797e+00
1.468840003013610840e+00,1.332499980926513672e+00,1.375839948654174805e+00,1.747490048408508301e+00,4.033319950103759766e+00,1.964480042457580566e+00,3.704920053482055664e+00,8.798940181732177734e-01,3.357189893722534180e+00,2.090569972991943359e+00,1.164209961891174316e+00,1.162909984588623047e+00,2.477149963378906250e+00,1.543619990348815918e+00,1.766129970550537109e+00,2.119620084762573242e+00,1.204290032386779785e+00,2.821959972381591797e+00,1.786479949951171875e+00,2.425090074539184570e+00,1.627769947052001953e+00,1.307700037956237793e+00,1.154469966888427734e+00,2.729919910430908203e+00,1.133820056915283203e+00,1.222350001335144043e+00,1.468340039253234863e+00,2.382169961929321289e+00,8.349390029907226562e-01,3.073250055313110352e+00,5.507880210876464844e+00,2.290699958801269531e+00,2.729500055313110352e+00,2.615530014038085938e+00,2.349359989166259766e+00,1.388080000877380371e+00,1.264500021934509277e+00,1.273650050163269043e+00,1.810739994049072266e+00,5.964210033416748047e-01,2.254800081253051758e+00,3.020519971847534180e+00,2.233809947967529297e+00,2.125679969787597656e+00,6.730430126190185547e-01,2.565829992294311523e+00,1.141039967536926270e+00,1.018659949302673340e+00,1.207059979438781738e+00
1.540130019187927246e+00,1.344939947128295898e+00,1.405719995498657227e+00,1.981019973754882812e+00,4.306859970092773438e+00,2.393549919128417969e+00,5.369009971618652344e+00,1.022130012512207031e+00,3.874589920043945312e+00,2.185879945755004883e+00,1.135750055313110352e+00,1.227890014648437500e+00,2.380609989166259766e+00,1.532629966735839844e+00,1.728080034255981445e+00,2.218260049819946289e+00,1.248010039329528809e+00,3.252629995346069336e+00,2.078360080718994141e+00,2.257879972457885742e+00,1.628340005874633789e+00,1.328690052032470703e+00,1.138059973716735840e+00,2.491300106048583984e+00,9.259260296821594238e-01,1.240869998931884766e+00,1.929630041122436523e+00,2.110460042953491211e+00,6.864989995956420898e-01,3.770920038223266602e+00,5.592939853668212891e+00,2.520169973373413086e+00,3.301290035247802734e+00,3.032749891281127930e+00,2.304800033569335938e+00,1.532709956169128418e+00,1.329319953918457031e+00,1.913120031356811523e+00,2.113369941711425781e+00,5.885120034217834473e-01,2.183520078659057617e+00,2.278959989547729492e+00,2.173540115356445312e+00,2.537909984588623047e+00,8.198180198669433594e-01,2.625390052795410156e+00,1.312500000000000000e+00,9.260269999504089355e-01,1.322389960289001465e+00
1.563590049743652344e+00,1.185840010643005371e+00,1.671280026435852051e+00,2.140100002288818359e+00,3.956650018692016602e+00,2.327059984207153320e+00,4.654419898986816406e+00,1.015650033950805664e+00,4.773920059204101562e+00,2.637269973754882812e+00,1.128209948539733887e+00,1.021090030670166016e+00,2.452810049057006836e+00,1.471660017967224121e+00,1.458819985389709473e+00,1.731930017471313477e+00,1.420809984207153320e+00,3.366810083389282227e+00,2.350209951400756836e+00,2.701009988784790039e+00,1.841150045394897461e+00,1.306069970130920410e+00,9.945489764213562012e-01,1.871199965476989746e+00,9.134470224380493164e-01,1.489459991455078125e+00,1.278130054473876953e+00,2.082609891891479492e+00,8.620690107345581055e-01,3.957109928131103516e+00,5.002679824829101562e+00,2.567749977111816406e+00,3.328020095825195312e+00,2.900320053100585938e+00,2.232019901275634766e+00,1.595199942588806152e+00,1.329419970512390137e+00,2.612560033798217773e+00,2.175199985504150391e+00,7.052710056304931641e-01,2.001800060272216797e+00,3.096620082855224609e+00,1.977259993553161621e+00,2.832940101623535156e+00,6.804040074348449707e-01,2.665450096130371094e+00,1.241709947586059570e+00,9.207900166511535645e-01,1.394420027732849121e+00
1.422760009765625000e+00,9.887099862098693848e-01,1.570569992065429688e+00,2.417530059814453125e+00,3.595550060272216797e+00,2.113660097122192383e+00,4.511400222778320312e+00,1.173539996147155762e+00,5.501780033111572266e+00,2.668750047683715820e+00,1.103379964828491211e+00,9.637789726257324219e-01,2.189090013504028320e+00,1.412590026855468750e+00,1.580819964408874512e+00,2.241909980773925781e+00,1.453439950942993164e+00,2.618880033493041992e+00,2.193239927291870117e+00,2.423000097274780273e+00,1.419939994812011719e+00,1.059720039367675781e+00,1.023699998855590820e+00,1.853420019149780273e+00,1.206550002098083496e+00,1.577250003814697266e+00,1.719429969787597656e+00,2.004169940948486328e+00,5.674650073051452637e-01,3.798690080642700195e+00,4.663370132446289062e+00,3.262890100479125977e+00,2.841439962387084961e+00,2.741219997406005859e+00,1.681630015373229980e+00,1.729239940643310547e+00,1.246479988098144531e+00,1.507500052452087402e+00,2.062309980392456055e+00,6.208209991455078125e-01,1.925760030746459961e+00,2.262269973754882812e+00,2.072020053863525391e+00,2.992449998855590820e+00,7.111880183219909668e-01,2.761569976806640625e+00,1.201670050621032715e+00,1.056609988212585449e+00,1.310619950294494629e+00
1.481500029563903809e+00,1.216580033302307129e+00,1.623540043830871582e+00,2.411030054092407227e+00,3.174420118331909180e+00,1.765400052070617676e+00,4.129539966583251953e+00,1.257619976997375488e+00,6.469709873199462891e+00,2.741839885711669922e+00,9.635419845581054688e-01,1.299780011177062988e+00,2.220380067825317383e+00,1.354550004005432129e+00,1.571529984474182129e+00,1.511620044708251953e+00,1.322929978370666504e+00,2.048480033874511719e+00,2.103760004043579102e+00,1.891020059585571289e+00,1.196830034255981445e+00,1.036669969558715820e+00,1.068600058555603027e+00,2.313479900360107422e+00,1.111269950866699219e+00,1.550840020179748535e+00,1.992910027503967285e+00,1.493199944496154785e+00,4.370630085468292236e-01,3.468019962310791016e+00,4.727910041809082031e+00,3.303819894790649414e+00,2.549230098724365234e+00,2.559479951858520508e+00,5.709670186042785645e-01,1.714540004730224609e+00,1.150850057601928711e+00,1.276080012321472168e+00,2.036770105361938477e+00,4.970299899578094482e-01,1.960899949073791504e+00,2.059839963912963867e+00,2.274729967117309570e+00,2.886810064315795898e+00,4.509379863739013672e-01,2.817589998245239258e+00,1.073699951171875000e+00,9.436219930648803711e-01,1.100839972496032715e+00
1.395169973373413086e+00,1.178380012512207031e+00,1.435199975967407227e+00,2.576859951019287109e+00,2.876820087432861328e+00,1.713770031929016113e+00,4.699639797210693359e+00,1.532389998435974121e+00,6.639760017395019531e+00,2.823240041732788086e+00,8.030930161476135254e-01,1.090029954910278320e+00,2.194060087203979492e+00,1.343850016593933105e+00,1.488890051841735840e+00,1.629739999771118164e+00,1.382040023803710938e+00,1.619060039520263672e+00,2.050260066986083984e+00,1.391780018806457520e+00,9.984840154647827148e-01,1.053650021553039551e+00,9.839969873428344727e-01,2.272730112075805664e+00,1.049000024795532227e+00,1.730389952659606934e+00,1.136010050773620605e+00,2.100379943847656250e+00,1.114830002188682556e-01,3.618619918823242188e+00,4.033249855041503906e+00,3.664619922637939453e+00,2.166589975357055664e+00,2.477230072021484375e+00,4.343230128288269043e-01,1.635400056838989258e+00,1.079830050468444824e+00,8.120040297508239746e-01,2.127409934997558594e+00,6.419489979743957520e-01,2.006010055541992188e+00,2.536959886550903320e+00,2.283570051193237305e+00,2.916189908981323242e+00,5.200210213661193848e-01,2.666990041732788086e+00,9.434430003166198730e-01,1.347869992256164551e+00,1.299469947814941406e+00
1.307080030441284180e+00,9.126899838447570801e-01,1.200530052185058594e+00,2.290640115737915039e+00,2.080060005187988281e+00,1.527179956436157227e+00,4.844560146331787109e+00,1.247580051422119141e+00,5.533380031585693359e+00,2.340990066528320312e+00,9.472609758377075195e-01,7.995849847793579102e-01,1.878520011901855469e+00,1.177109956741333008e+00,1.088050007820129395e+00,1.391299962997436523e+00,1.211189985275268555e+00,1.338549971580505371e+00,2.216589927673339844e+00,1.334759950637817383e+00,9.153980016708374023e-01,8.369709849357604980e-01,9.600409865379333496e-01,1.760300040245056152e+00,1.121019959449768066e+00,1.567880034446716309e+00,2.029599905014038086e+00,1.484439969062805176e+00,0.000000000000000000e+00,3.321089982986450195e+00,3.690249919891357422e+00,2.795619964599609375e+00,2.095819950103759766e+00,2.065949916839599609e+00,6.227849721908569336e-01,1.459059953689575195e+00,9.799330234527587891e-01,6.366829872131347656e-01,1.747030019760131836e+00,4.774979948997497559e-01,1.562100052833557129e+00,2.476140022277832031e+00,2.055500030517578125e+00,2.566979885101318359e+00,6.562610268592834473e-01,2.263799905776977539e+00,9.007229804992675781e-01,7.594940066337585449e-01,1.161790013313293457e+00
1.399940013885498047e+00,1.010810017585754395e+00,1.140490055084228516e+00,2.120189905166625977e+00,1.651110053062438965e+00,1.397699952125549316e+00,4.774449825286865234e+00,1.039289951324462891e+00,4.782139778137207031e+00,2.218219995498657227e+00,9.592949748039245605e-01,8.574489951133728027e-01,1.568259954452514648e+00,1.011500000953674316e+00,1.317939996719360352e+00,1.131330013275146484e+00,1.211750030517578125e+00,1.202559947967529297e+00,1.896420001983642578e+00,1.025509953498840332e+00,7.685099840164184570e-01,4.621520042419433594e-01,9.627730250358581543e-01,2.753530025482177734e+00,9.286620020866394043e-01,1.377040028572082520e+00,7.973009943962097168e-01,1.172019958496093750e+00,8.635579794645309448e-02,3.398299932479858398e+00,3.240380048751831055e+00,2.748780012130737305e+00,1.980839967727661133e+00,1.870910048484802246e+00,1.864820003509521484e+00,1.470119953155517578e+00,8.459089994430541992e-01,7.179049849510192871e-01,1.438480019569396973e+00,4.540689885616302490e-01,1.465039968490600586e+00,2.356810092926025391e+00,1.792240023612976074e+00,2.439069986343383789e+00,7.504690289497375488e-01,2.032229900360107422e+00,7.224299907684326172e-01,6.015470027923583984e-01,1.072119951248168945e+00
1.503260016441345215e+00,1.003839969635009766e+00,1.111899971961975098e+00,2.023740053176879883e+00,1.361469984054565430e+00,1.481570005416870117e+00,4.784239768981933594e+00,7.751129865646362305e-01,4.159210205078125000e+00,2.188009977340698242e+00,8.709020018577575684e-01,8.968160152435302734e-01,1.437280058860778809e+00,1.080629944801330566e+00,9.568229913711547852e-01,1.165429949760437012e+00,1.238649964332580566e+00,1.071300029754638672e+00,1.863960027694702148e+00,9.128850102424621582e-01,6.725609898567199707e-01,6.038320064544677734e-01,9.691969752311706543e-01,2.086100101470947266e+00,7.365739941596984863e-01,1.306720018386840820e+00,8.020529747009277344e-01,1.447780013084411621e+00,9.460739791393280029e-02,3.456899881362915039e+00,2.813980102539062500e+00,2.282540082931518555e+00,1.892529964447021484e+00,1.794710040092468262e+00,1.403259992599487305e+00,1.529839992523193359e+00,7.712879776954650879e-01,6.666669845581054688e-01,1.316769957542419434e+00,5.711569786071777344e-01,1.504459977149963379e+00,2.117609977722167969e+00,1.701310038566589355e+00,2.533580064773559570e+00,4.946730136871337891e-01,2.071249961853027344e+00,6.481800079345703125e-01,5.525500178337097168e-01,5.152429938316345215e-01
1.597249984741210938e+00,1.169059991836547852e+00,1.026729941368103027e+00,1.867140054702758789e+00,1.311990022659301758e+00,1.380609989166259766e+00,4.589680194854736328e+00,6.119430065155029297e-01,3.669009923934936523e+00,2.327800035476684570e+00,6.944440007209777832e-01,7.582139968872070312e-01,1.459069967269897461e+00,9.800999760627746582e-01,9.875429868698120117e-01,1.248080015182495117e+00,1.297289967536926270e+00,1.000390052795410156e+00,1.769050002098083496e+00,7.589060068130493164e-01,6.816139817237854004e-01,7.361440062522888184e-01,9.547560214996337891e-01,2.676280021667480469e+00,8.693400025367736816e-01,1.176040053367614746e+00,7.535319924354553223e-01,1.320299983024597168e+00,1.291989982128143311e-01,3.058290004730224609e+00,3.035840034484863281e+00,2.516279935836791992e+00,1.752300024032592773e+00,1.748720049858093262e+00,1.127670049667358398e+00,1.187379956245422363e+00,7.303090095520019531e-01,5.444650053977966309e-01,1.174319982528686523e+00,4.529089927673339844e-01,1.458009958267211914e+00,2.367870092391967773e+00,0.000000000000000000e+00,2.134939908981323242e+00,4.096960127353668213e-01,1.660660028457641602e+00,6.814389824867248535e-01,4.837760031223297119e-01,7.364979982376098633e-01
1.719099998474121094e+00,1.395769953727722168e+00,1.104910016059875488e+00,1.903859972953796387e+00,1.136360049247741699e+00,1.208809971809387207e+00,4.052710056304931641e+00,7.045609951019287109e-01,3.488059997558593750e+00,2.508869886398315430e+00,9.230769872665405273e-01,9.491670131683349609e-01,1.466660022735595703e+00,1.014899969100952148e+00,1.183899998664855957e+00,1.241260051727294922e+00,1.352589964866638184e+00,9.812530279159545898e-01,1.625579953193664551e+00,6.693109869956970215e-01,6.364769935607910156e-01,8.429600000381469727e-01,1.108199954032897949e+00,2.815320014953613281e+00,8.241019845008850098e-01,1.223369956016540527e+00,1.100810050964355469e+00,1.293300032615661621e+00,5.594409704208374023e-01,2.842969894409179688e+00,2.924479961395263672e+00,2.250319957733154297e+00,1.676720023155212402e+00,1.774320006370544434e+00,1.035500049591064453e+00,1.186890006065368652e+00,7.115659713745117188e-01,4.666779935359954834e-01,1.381080031394958496e+00,4.582949876785278320e-01,1.410820007324218750e+00,2.627739906311035156e+00,1.702909946441650391e+00,2.181750059127807617e+00,3.701750040054321289e-01,1.418660044670104980e+00,5.765659809112548828e-01,1.024649977684020996e+00,1.078649997711181641e+00
1.775480031967163086e+00,1.109789967536926270e+00,1.104359984397888184e+00,1.792309999465942383e+00,1.021370053291320801e+00,1.039489984512329102e+00,4.137070178985595703e+00,7.022020220756530762e-01,3.303780078887939453e+00,2.447419881820678711e+00,6.517210006713867188e-01,7.780920267105102539e-01,1.458410024642944336e+00,9.777209758758544922e-01,9.988390207290649414e-01,1.240890026092529297e+00,1.241690039634704590e+00,7.517499923706054688e-01,1.562430024147033691e+00,7.329909801483154297e-01,6.307799816131591797e-01,7.162899971008300781e-01,1.074049949645996094e+00,2.644769906997680664e+00,6.821630001068115234e-01,1.196220040321350098e+00,9.285050034523010254e-01,1.550150036811828613e+00,0.000000000000000000e+00,2.715559959411621094e+00,3.177530050277709961e+00,1.754879951477050781e+00,1.501150012016296387e+00,1.849290013313293457e+00,7.227489948272705078e-01,8.070740103721618652e-01,7.818350195884704590e-01,4.141120016574859619e-01,1.347609996795654297e+00,4.753820002079010010e-01,1.318760037422180176e+00,2.366950035095214844e+00,1.426570057868957520e+00,1.985479950904846191e+00,2.662230134010314941e-01,1.280130028724670410e+00,5.807859897613525391e-01,6.265950202941894531e-01,6.367040276527404785e-01
1.470340013504028320e+00,1.113540053367614746e+00,9.958339929580688477e-01,1.669600009918212891e+00,9.546430110931396484e-01,1.134349942207336426e+00,3.790740013122558594e+00,6.005219817161560059e-01,3.252429962158203125e+00,2.545589923858642578e+00,8.101540207862854004e-01,6.240249872207641602e-01,1.564949989318847656e+00,1.072049975395202637e+00,9.930490255355834961e-01,1.443500041961669922e+00,1.194970011711120605e+00,8.141919970512390137e-01,1.539759993553161621e+00,5.454210042953491211e-01,5.677289962768554688e-01,6.395310163497924805e-01,1.042600035667419434e+00,2.243279933929443359e+00,8.539270162582397461e-01,1.220569968223571777e+00,8.641240000724792480e-01,1.465800046920776367e+00,9.652510285377502441e-02,2.609110116958618164e+00,2.946799993515014648e+00,1.880120038986206055e+00,1.484259963035583496e+00,1.891810059547424316e+00,8.091019988059997559e-01,8.705880045890808105e-01,7.522799968719482422e-01,4.890370070934295654e-01,1.347409963607788086e+00,3.980210125446319580e-01,1.336230039596557617e+00,2.468760013580322266e+00,1.598080039024353027e+00,2.076280117034912109e+00,4.335530102252960205e-01,1.063770055770874023e+00,6.215599775314331055e-01,6.345319747924804688e-01,3.485839962959289551e-01
1.523640036582946777e+00,1.039440035820007324e+00,7.416440248489379883e-01,1.593070030212402344e+00,9.036759734153747559e-01,1.191540002822875977e+00,3.335330009460449219e+00,7.862989902496337891e-01,3.104880094528198242e+00,2.506900072097778320e+00,8.069000244140625000e-01,5.117809772491455078e-01,1.505749940872192383e+00,1.116090059280395508e+00,1.345090031623840332e+00,1.359369993209838867e+00,1.152259945869445801e+00,8.102800250053405762e-01,1.693220019340515137e+00,7.459489703178405762e-01,6.431710124015808105e-01,7.431690096855163574e-01,1.017809987068176270e+00,2.417749881744384766e+00,8.660280108451843262e-01,1.275249958038330078e+00,1.555160045623779297e+00,1.790809988975524902e+00,9.496679902076721191e-02,2.960010051727294922e+00,2.734910011291503906e+00,1.487679958343505859e+00,1.477399945259094238e+00,1.973999977111816406e+00,5.107579827308654785e-01,8.138070106506347656e-01,7.781270146369934082e-01,5.067840218544006348e-01,1.206629991531372070e+00,3.920710086822509766e-01,1.322659969329833984e+00,2.497600078582763672e+00,1.600900053977966309e+00,2.123739957809448242e+00,3.101379871368408203e-01,1.009500026702880859e+00,5.520470142364501953e-01,7.100189924240112305e-01,4.089980125427246094e-01
1.397670030593872070e+00,9.960160255432128906e-01,1.049499988555908203e+00,1.408390045166015625e+00,9.714509844779968262e-01,1.291919946670532227e+00,4.204410076141357422e+00,6.326299905776977539e-01,2.678499937057495117e+00,2.411400079727172852e+00,8.762009739875793457e-01,7.244809865951538086e-01,1.549309968948364258e+00,1.068639993667602539e+00,1.074319958686828613e+00,1.138380050659179688e+00,1.094370007514953613e+00,7.714340090751647949e-01,1.641479969024658203e+00,6.197080016136169434e-01,6.388760209083557129e-01,7.321460247039794922e-01,8.897370100021362305e-01,2.223140001296997070e+00,5.187389850616455078e-01,1.255540013313293457e+00,1.336099982261657715e+00,1.665840029716491699e+00,2.638520002365112305e-01,2.805480003356933594e+00,2.327330112457275391e+00,1.294810056686401367e+00,1.480200052261352539e+00,1.971250057220458984e+00,6.527259945869445801e-01,7.059860229492187500e-01,8.139910101890563965e-01,4.535509943962097168e-01,1.244339942932128906e+00,3.650470077991485596e-01,1.306699991226196289e+00,1.946169972419738770e+00,1.233850002288818359e+00,1.999850034713745117e+00,5.409060120582580566e-01,9.448239803314208984e-01,5.552390217781066895e-01,6.329110264778137207e-01,7.565010190010070801e-01
1.493499994277954102e+00,8.850870132446289062e-01,7.694640159606933594e-01,1.335489988327026367e+00,9.094759821891784668e-01,1.191519975662231445e+00,3.848160028457641602e+00,7.286999821662902832e-01,2.516340017318725586e+00,3.008579969406127930e+00,7.909309864044189453e-01,5.197389721870422363e-01,1.530290007591247559e+00,1.810670018196105957e+00,1.017429947853088379e+00,1.191429972648620605e+00,1.101490020751953125e+00,8.009719848632812500e-01,1.479650020599365234e+00,6.305800080299377441e-01,6.408799886703491211e-01,7.208089828491210938e-01,8.738809823989868164e-01,2.067630052566528320e+00,7.220669984817504883e-01,1.117640018463134766e+00,8.144800066947937012e-01,1.405889987945556641e+00,0.000000000000000000e+00,2.736109972000122070e+00,2.710119962692260742e+00,1.193549990653991699e+00,1.593850016593933105e+00,1.885390043258666992e+00,6.310480237007141113e-01,6.386020183563232422e-01,7.769150137901306152e-01,4.012959897518157959e-01,1.182629942893981934e+00,3.103869855403900146e-01,1.506379961967468262e+00,1.838039994239807129e+00,1.385040044784545898e+00,1.920750021934509277e+00,2.765299975872039795e-01,8.915179967880249023e-01,5.973719954490661621e-01,5.774459838867187500e-01,1.030930042266845703e+00
1.692160010337829590e+00,8.991649746894836426e-01,1.016399979591369629e+00,1.377269983291625977e+00,9.966850280761718750e-01,1.145699977874755859e+00,3.687599897384643555e+00,5.723720192909240723e-01,2.644900083541870117e+00,3.882550001144409180e+00,6.024100184440612793e-01,4.884000122547149658e-01,1.438590049743652344e+00,1.505139946937561035e+00,9.230430126190185547e-01,1.690389990806579590e+00,1.215000033378601074e+00,8.163880109786987305e-01,1.471079945564270020e+00,7.330909967422485352e-01,6.189299821853637695e-01,6.611890196800231934e-01,9.227820038795471191e-01,2.632359981536865234e+00,6.207900047302246094e-01,1.170689940452575684e+00,9.367679953575134277e-01,1.850950002670288086e+00,0.000000000000000000e+00,2.317270040512084961e+00,3.358190059661865234e+00,1.401350021362304688e+00,1.252329945564270020e+00,2.010610103607177734e+00,7.986590266227722168e-01,6.462569832801818848e-01,7.155280113220214844e-01,3.418380022048950195e-01,1.051990032196044922e+00,5.399259924888610840e-01,1.744009971618652344e+00,2.239710092544555664e+00,1.471259951591491699e+00,2.048990011215209961e+00,4.976780116558074951e-01,9.099289774894714355e-01,5.688509941101074219e-01,9.127339720726013184e-01,5.055980086326599121e-01
2.216209888458251953e+00,1.267680048942565918e+00,9.116349816322326660e-01,1.623059988021850586e+00,1.772539973258972168e+00,1.141700029373168945e+00,3.421269893646240234e+00,7.205550074577331543e-01,3.073220014572143555e+00,3.789829969406127930e+00,4.313730001449584961e-01,8.313279747962951660e-01,1.748559951782226562e+00,1.531010031700134277e+00,1.102830052375793457e+00,1.794119954109191895e+00,1.626000046730041504e+00,8.193479776382446289e-01,1.357599973678588867e+00,6.789339780807495117e-01,5.944690108299255371e-01,6.707659959793090820e-01,8.893240094184875488e-01,3.468839883804321289e+00,5.971770286560058594e-01,1.149620056152343750e+00,1.528290033340454102e+00,1.980530023574829102e+00,1.017289981245994568e-01,2.313869953155517578e+00,3.918790102005004883e+00,1.305809974670410156e+00,1.462550044059753418e+00,1.906409978866577148e+00,5.926920175552368164e-01,6.096619963645935059e-01,7.113450169563293457e-01,5.326340198516845703e-01,1.631420016288757324e+00,4.010699987411499023e-01,2.174659967422485352e+00,3.390120029449462891e+00,1.874410033226013184e+00,2.092259883880615234e+00,5.246790051460266113e-01,8.528059720993041992e-01,6.396989822387695312e-01,1.002740025520324707e+00,6.433820128440856934e-01
2.057480096817016602e+00,1.568230032920837402e+00,8.726000189781188965e-01,1.836750030517578125e+00,2.089669942855834961e+00,1.073310017585754395e+00,3.226840019226074219e+00,2.992889881134033203e+00,3.226749897003173828e+00,3.588419914245605469e+00,8.038589954376220703e-01,7.953720092773437500e-01,2.017709970474243164e+00,1.450690031051635742e+00,1.151749968528747559e+00,1.849320054054260254e+00,1.823330044746398926e+00,7.690039873123168945e-01,1.410369992256164551e+00,7.026680111885070801e-01,7.107689976692199707e-01,7.387970089912414551e-01,1.199609994888305664e+00,3.619400024414062500e+00,6.479480266571044922e-01,1.194569945335388184e+00,1.116690039634704590e+00,2.228919982910156250e+00,0.000000000000000000e+00,2.293540000915527344e+00,3.656850099563598633e+00,1.290680050849914551e+00,1.017099976539611816e+00,1.994359970092773438e+00,7.571820020675659180e-01,5.536280274391174316e-01,1.052180051803588867e+00,5.779880285263061523e-01,1.784700036048889160e+00,4.961409866809844971e-01,2.141639947891235352e+00,4.045060157775878906e+00,1.950790047645568848e+00,2.116529941558837891e+00,4.738399982452392578e-01,7.999539971351623535e-01,6.757079958915710449e-01,7.128760218620300293e-01,1.128350019454956055e+00
2.037379980087280273e+00,1.556159973144531250e+00,8.359130024909973145e-01,1.796790003776550293e+00,1.740470051765441895e+00,1.346959948539733887e+00,4.464290142059326172e+00,1.061210036277770996e+00,3.223210096359252930e+00,3.582410097122192383e+00,6.734740138053894043e-01,8.001800179481506348e-01,2.075129985809326172e+00,1.493589997291564941e+00,1.244140028953552246e+00,1.755679965019226074e+00,1.958039999008178711e+00,9.142330288887023926e-01,1.728620052337646484e+00,9.572899937629699707e-01,8.106049895286560059e-01,9.085109829902648926e-01,1.390169978141784668e+00,3.478650093078613281e+00,7.349820137023925781e-01,1.461330056190490723e+00,1.113530039787292480e+00,2.396330118179321289e+00,1.161440014839172363e-01,2.303910017013549805e+00,3.013819932937622070e+00,1.243420004844665527e+00,1.216729998588562012e+00,2.335109949111938477e+00,8.252019882202148438e-01,7.134969830513000488e-01,1.035330057144165039e+00,3.969219923019409180e-01,1.941779971122741699e+00,6.353560090065002441e-01,2.344609975814819336e+00,3.926830053329467773e+00,2.221339941024780273e+00,2.238990068435668945e+00,5.031189918518066406e-01,1.038619995117187500e+00,7.998849749565124512e-01,9.776369929313659668e-01,1.262189984321594238e+00
1.790989995002746582e+00,1.534060001373291016e+00,8.259090185165405273e-01,1.732529997825622559e+00,1.884999990463256836e+00,1.688300013542175293e+00,6.117209911346435547e+00,8.075489997863769531e-01,3.067480087280273438e+00,3.433850049972534180e+00,6.172839999198913574e-01,7.317339777946472168e-01,1.845409989356994629e+00,1.420230031013488770e+00,8.649640083312988281e-01,1.817409992218017578e+00,1.983649969100952148e+00,1.129760026931762695e+00,2.017050027847290039e+00,1.068220019340515137e+00,9.213939905166625977e-01,1.127189993858337402e+00,1.305240035057067871e+00,2.665849924087524414e+00,8.368200063705444336e-01,1.549579977989196777e+00,3.311969995498657227e+00,2.027970075607299805e+00,2.570689916610717773e-01,2.893860101699829102e+00,2.464659929275512695e+00,1.233029961585998535e+00,1.716989994049072266e+00,2.291830062866210938e+00,7.652149796485900879e-01,7.878890037536621094e-01,1.132959961891174316e+00,8.616250157356262207e-01,1.994850039482116699e+00,6.427599787712097168e-01,2.286449909210205078e+00,3.769570112228393555e+00,1.718430042266845703e+00,2.467210054397583008e+00,6.844109892845153809e-01,1.227779984474182129e+00,9.326040148735046387e-01,1.577290058135986328e+00,9.009010195732116699e-01
1.943099975585937500e+00,1.415279984474182129e+00,8.583310246467590332e-01,1.885689973831176758e+00,1.896450042724609375e+00,1.721770048141479492e+00,6.283609867095947266e+00,1.059910058975219727e+00,3.331439971923828125e+00,4.261760234832763672e+00,4.127260148525238037e-01,5.552060008049011230e-01,1.962080001831054688e+00,1.819460034370422363e+00,1.367429971694946289e+00,1.813009977340698242e+00,2.247529983520507812e+00,1.232650041580200195e+00,2.254750013351440430e+00,1.244429945945739746e+00,1.016059994697570801e+00,1.265179991722106934e+00,1.077780008316040039e+00,2.640769958496093750e+00,9.785770177841186523e-01,1.816930055618286133e+00,3.907949924468994141e+00,1.794389963150024414e+00,0.000000000000000000e+00,3.118160009384155273e+00,2.537039995193481445e+00,1.305510044097900391e+00,1.877670049667358398e+00,2.281569957733154297e+00,6.468530297279357910e-01,9.850909709930419922e-01,1.165930032730102539e+00,1.004879951477050781e+00,2.266249895095825195e+00,6.594390273094177246e-01,2.783080101013183594e+00,4.700160026550292969e+00,1.721040010452270508e+00,2.724580049514770508e+00,7.861319780349731445e-01,1.403130054473876953e+00,1.157119989395141602e+00,1.623890042304992676e+00,9.538949728012084961e-01
2.383869886398315430e+00,1.584730029106140137e+00,9.712229967117309570e-01,1.978829979896545410e+00,2.253580093383789062e+00,1.830940008163452148e+00,5.727769851684570312e+00,9.872239828109741211e-01,3.397870063781738281e+00,4.878230094909667969e+00,4.491499960422515869e-01,6.897969841957092285e-01,2.017509937286376953e+00,1.962239980697631836e+00,2.331069946289062500e+00,1.987310051918029785e+00,2.558850049972534180e+00,1.390939950942993164e+00,2.345789909362792969e+00,1.083379983901977539e+00,1.039000034332275391e+00,1.517420053482055664e+00,1.322540044784545898e+00,2.905930042266845703e+00,9.306039810180664062e-01,1.935570001602172852e+00,2.388979911804199219e+00,2.448189973831176758e+00,4.209260046482086182e-01,3.549789905548095703e+00,2.437989950180053711e+00,1.125139951705932617e+00,1.826840043067932129e+00,2.364300012588500977e+00,1.746600031852722168e+00,9.804630279541015625e-01,1.283489942550659180e+00,1.036880016326904297e+00,3.019920110702514648e+00,5.818420052528381348e-01,3.066879987716674805e+00,4.372270107269287109e+00,1.652459979057312012e+00,2.987679958343505859e+00,8.608610033988952637e-01,1.217020034790039062e+00,1.057929992675781250e+00,1.447849988937377930e+00,1.318150043487548828e+00
3.045340061187744141e+00,1.887279987335205078e+00,1.334660053253173828e+00,2.447590112686157227e+00,2.003190040588378906e+00,2.050719976425170898e+00,6.695730209350585938e+00,9.269890189170837402e-01,2.925120115280151367e+00,5.433320045471191406e+00,1.074470043182373047e+00,7.899730205535888672e-01,2.543230056762695312e+00,2.280800104141235352e+00,1.873520016670227051e+00,1.966830015182495117e+00,2.846179962158203125e+00,1.580299973487854004e+00,2.480420112609863281e+00,1.190479993820190430e+00,1.235700011253356934e+00,1.639240026473999023e+00,1.613759994506835938e+00,3.442559957504272461e+00,7.027980089187622070e-01,2.028009891510009766e+00,3.545320034027099609e+00,3.339299917221069336e+00,4.889979958534240723e-01,3.489830017089843750e+00,2.739929914474487305e+00,8.531119823455810547e-01,2.353209972381591797e+00,2.723929882049560547e+00,1.632089972496032715e+00,1.044860005378723145e+00,1.422889947891235352e+00,1.056149959564208984e+00,3.457170009613037109e+00,5.146970152854919434e-01,4.197840213775634766e+00,4.693109989166259766e+00,1.823989987373352051e+00,3.173280000686645508e+00,8.768969774246215820e-01,1.053189992904663086e+00,1.100640058517456055e+00,1.879220008850097656e+00,2.394010066986083984e+00
4.095079898834228516e+00,2.506789922714233398e+00,1.289690017700195312e+00,2.697669982910156250e+00,2.336040019989013672e+00,2.254689931869506836e+00,6.494090080261230469e+00,1.140679955482482910e+00,2.980129957199096680e+00,5.897029876708984375e+00,9.885540008544921875e-01,9.719679951667785645e-01,2.702069997787475586e+00,2.413379907608032227e+00,2.371279954910278320e+00,2.320270061492919922e+00,3.419620037078857422e+00,1.726709961891174316e+00,3.058629989624023438e+00,1.332110047340393066e+00,1.489910006523132324e+00,1.782130002975463867e+00,1.586549997329711914e+00,4.565169811248779297e+00,9.051049947738647461e-01,2.628509998321533203e+00,2.339970111846923828e+00,3.621939897537231445e+00,3.989360034465789795e-01,3.934410095214843750e+00,2.985349893569946289e+00,8.955699801445007324e-01,4.366519927978515625e+00,3.006040096282958984e+00,1.648110032081604004e+00,9.549930095672607422e-01,1.695199966430664062e+00,7.984930276870727539e-01,4.322189807891845703e+00,7.620760202407836914e-01,4.702290058135986328e+00,5.408569812774658203e+00,1.872069954872131348e+00,3.589659929275512695e+00,5.227900147438049316e-01,1.176409959793090820e+00,1.236140012741088867e+00,1.482540011405944824e+00,1.508749961853027344e+00
5.429200172424316406e+00,2.599539995193481445e+00,1.350589990615844727e+00,3.026930093765258789e+00,3.000540018081665039e+00,2.544420003890991211e+00,7.600530147552490234e+00,1.244130015373229980e+00,3.640880107879638672e+00,5.939129829406738281e+00,9.490330219268798828e-01,9.841439723968505859e-01,3.032690048217773438e+00,2.272160053253173828e+00,1.818809986114501953e+00,2.433219909667968750e+00,3.877140045166015625e+00,1.687749981880187988e+00,4.115089893341064453e+00,1.512750029563903809e+00,1.929280042648315430e+00,1.863559961318969727e+00,2.082829952239990234e+00,5.307539939880371094e+00,9.515810012817382812e-01,3.232599973678588867e+00,2.548089981079101562e+00,3.214950084686279297e+00,6.082730293273925781e-01,4.474030017852783203e+00,3.459059953689575195e+00,1.143599987030029297e+00,2.625040054321289062e+00,3.591789960861206055e+00,1.853780031204223633e+00,1.048879981040954590e+00,1.670950055122375488e+00,9.167299866676330566e-01,5.817520141601562500e+00,1.052170038223266602e+00,5.429520130157470703e+00,6.028100013732910156e+00,1.898830056190490723e+00,4.561880111694335938e+00,8.239129781723022461e-01,1.678220033645629883e+00,1.606930017471313477e+00,2.380949974060058594e+00,1.422639966011047363e+00
1.027369976043701172e+01,3.779649972915649414e+00,1.550609946250915527e+00,3.736469984054565430e+00,3.819540023803710938e+00,3.467329978942871094e+00,1.084060001373291016e+01,1.770910024642944336e+00,4.787040233612060547e+00,8.565389633178710938e+00,1.487499952316284180e+00,1.118999958038330078e+00,3.463680028915405273e+00,2.498929977416992188e+00,2.243740081787109375e+00,3.674740076065063477e+00,5.297760009765625000e+00,2.073129892349243164e+00,5.643789768218994141e+00,1.476670026779174805e+00,2.018359899520874023e+00,2.007550001144409180e+00,2.226890087127685547e+00,7.216489791870117188e+00,1.146690011024475098e+00,5.648250102996826172e+00,2.915950059890747070e+00,3.698549985885620117e+00,6.194080114364624023e-01,5.380489826202392578e+00,5.018089771270751953e+00,1.361330032348632812e+00,2.750309944152832031e+00,4.295680046081542969e+00,2.441669940948486328e+00,1.044579982757568359e+00,2.280879974365234375e+00,1.249740004539489746e+00,1.032709980010986328e+01,8.477299809455871582e-01,8.556050300598144531e+00,7.729249954223632812e+00,2.135360002517700195e+00,6.823400020599365234e+00,1.080070018768310547e+00,2.050539970397949219e+00,1.777690052986145020e+00,4.115280151367187500e+00,2.055850028991699219e+00
1.154119968414306641e+01,5.466390132904052734e+00,2.659650087356567383e+00,4.505259990692138672e+00,4.936049938201904297e+00,4.337379932403564453e+00,1.273340034484863281e+01,2.679150104522705078e+00,5.505440235137939453e+00,9.153909683227539062e+00,2.024359941482543945e+00,1.857010006904602051e+00,4.190949916839599609e+00,3.087909936904907227e+00,3.022490024566650391e+00,5.574570178985595703e+00,5.958909988403320312e+00,2.643769979476928711e+00,7.138199806213378906e+00,2.096729993820190430e+00,2.328059911727905273e+00,2.420120000839233398e+00,2.699529886245727539e+00,1.006210041046142578e+01,1.387300014495849609e+00,8.115819931030273438e+00,3.248549938201904297e+00,4.827819824218750000e+00,7.705990076065063477e-01,7.444890022277832031e+00,6.758279800415039062e+00,1.646430015563964844e+00,3.885560035705566406e+00,5.786409854888916016e+00,3.098730087280273438e+00,1.813490033149719238e+00,2.757260084152221680e+00,1.643740057945251465e+00,1.259179973602294922e+01,1.189820051193237305e+00,1.229459953308105469e+01,8.548950195312500000e+00,2.909879922866821289e+00,8.994029998779296875e+00,1.158589959144592285e+00,2.896209955215454102e+00,2.155230045318603516e+00,4.137730121612548828e+00,2.832940101623535156e+00
8.550339698791503906e+00,5.755939960479736328e+00,3.609940052032470703e+00,5.453350067138671875e+00,6.390220165252685547e+00,4.344860076904296875e+00,1.269550037384033203e+01,2.638910055160522461e+00,6.019159793853759766e+00,7.857639789581298828e+00,2.227319955825805664e+00,2.597270011901855469e+00,4.309999942779541016e+00,3.498980045318603516e+00,3.671299934387207031e+00,6.381340026855468750e+00,5.203740119934082031e+00,2.652120113372802734e+00,7.226530075073242188e+00,2.546279907226562500e+00,2.307620048522949219e+00,3.353470087051391602e+00,2.967420101165771484e+00,8.150979995727539062e+00,2.222929954528808594e+00,7.222119808197021484e+00,4.130370140075683594e+00,5.013689994812011719e+00,4.281350076198577881e-01,7.865540027618408203e+00,7.668350219726562500e+00,2.027129888534545898e+00,4.217249870300292969e+00,5.969110012054443359e+00,3.213649988174438477e+00,2.570359945297241211e+00,2.923449993133544922e+00,1.693169951438903809e+00,1.085350036621093750e+01,1.367540001869201660e+00,1.115989971160888672e+01,9.879599571228027344e+00,3.436120033264160156e+00,8.767530441284179688e+00,1.582630038261413574e+00,4.650730133056640625e+00,2.505870103836059570e+00,3.483649969100952148e+00,6.716700077056884766e+00
6.943099975585937500e+00,6.726510047912597656e+00,4.444719791412353516e+00,6.472080230712890625e+00,8.422269821166992188e+00,4.675240039825439453e+00,1.224740028381347656e+01,2.424119949340820312e+00,5.488239765167236328e+00,6.380819797515869141e+00,2.793740034103393555e+00,4.864049911499023438e+00,4.845779895782470703e+00,4.246129989624023438e+00,4.465209960937500000e+00,7.276269912719726562e+00,4.957409858703613281e+00,2.770509958267211914e+00,5.951819896697998047e+00,2.370260000228881836e+00,2.104890108108520508e+00,4.432779788970947266e+00,3.485440015792846680e+00,7.349420070648193359e+00,2.075259923934936523e+00,5.909409999847412109e+00,4.468450069427490234e+00,6.244689941406250000e+00,3.649640083312988281e-01,7.450819969177246094e+00,9.197380065917968750e+00,2.608139991760253906e+00,4.532110214233398438e+00,6.900660037994384766e+00,5.105010032653808594e+00,3.436800003051757812e+00,3.109790086746215820e+00,2.031110048294067383e+00,7.308629989624023438e+00,1.943459987640380859e+00,1.007859992980957031e+01,9.875379562377929688e+00,4.140920162200927734e+00,7.984519958496093750e+00,1.290830016136169434e+00,7.494900226593017578e+00,2.692810058593750000e+00,4.013350009918212891e+00,4.572269916534423828e+00
7.483709812164306641e+00,7.855090141296386719e+00,5.174200057983398438e+00,8.855660438537597656e+00,9.478750228881835938e+00,7.039939880371093750e+00,1.101039981842041016e+01,3.203769922256469727e+00,5.897079944610595703e+00,6.805580139160156250e+00,5.756070137023925781e+00,7.787630081176757812e+00,6.563059806823730469e+00,6.349420070648193359e+00,8.034170150756835938e+00,1.107699966430664062e+01,5.741139888763427734e+00,4.587419986724853516e+00,7.299459934234619141e+00,4.211200237274169922e+00,2.405800104141235352e+00,6.111750125885009766e+00,5.536739826202392578e+00,9.390569686889648438e+00,4.213560104370117188e+00,6.151020050048828125e+00,6.493509769439697266e+00,1.035229969024658203e+01,8.998879790306091309e-01,8.966950416564941406e+00,1.392640018463134766e+01,3.799400091171264648e+00,5.843410015106201172e+00,1.029640007019042969e+01,6.663630008697509766e+00,5.474440097808837891e+00,4.247529983520507812e+00,3.454250097274780273e+00,8.930560111999511719e+00,3.261620044708251953e+00,1.333860015869140625e+01,9.182689666748046875e+00,5.485879898071289062e+00,9.212619781494140625e+00,2.215329885482788086e+00,1.293319988250732422e+01,3.887170076370239258e+00,4.193039894104003906e+00,6.827589988708496094e+00
6.186749935150146484e+00,7.094270229339599609e+00,5.408030033111572266e+00,8.200779914855957031e+00,9.256329536437988281e+00,8.257180213928222656e+00,1.145170021057128906e+01,3.676239967346191406e+00,5.749519824981689453e+00,6.037569999694824219e+00,4.603360176086425781e+00,6.803420066833496094e+00,6.299910068511962891e+00,7.218800067901611328e+00,7.019929885864257812e+00,1.019419956207275391e+01,5.050710201263427734e+00,6.318830013275146484e+00,6.509779930114746094e+00,5.611740112304687500e+00,2.735090017318725586e+00,5.070330142974853516e+00,6.037980079650878906e+00,7.832769870758056641e+00,3.934770107269287109e+00,6.135469913482666016e+00,6.283939838409423828e+00,8.611800193786621094e+00,1.428570032119750977e+00,9.756099700927734375e+00,1.409039974212646484e+01,3.599709987640380859e+00,6.836060047149658203e+00,9.528240203857421875e+00,8.080120086669921875e+00,5.739990234375000000e+00,4.528389930725097656e+00,5.442470073699951172e+00,7.833509922027587891e+00,3.087229967117309570e+00,1.192339992523193359e+01,8.164270401000976562e+00,5.041490077972412109e+00,8.600749969482421875e+00,2.628659963607788086e+00,1.173279953002929688e+01,4.377329826354980469e+00,3.474679946899414062e+00,6.229139804840087891e+00
4.650660037994384766e+00,6.035809993743896484e+00,5.369959831237792969e+00,7.187019824981689453e+00,8.978190422058105469e+00,7.521550178527832031e+00,8.847270011901855469e+00,3.078949928283691406e+00,5.737309932708740234e+00,5.319829940795898438e+00,4.182320117950439453e+00,9.091859817504882812e+00,5.881780147552490234e+00,7.308330059051513672e+00,6.983320236206054688e+00,8.062729835510253906e+00,3.993779897689819336e+00,7.899650096893310547e+00,5.227200031280517578e+00,7.928080081939697266e+00,3.254300117492675781e+00,4.642839908599853516e+00,6.005370140075683594e+00,5.952380180358886719e+00,4.488880157470703125e+00,4.645050048828125000e+00,1.427029991149902344e+01,1.136750030517578125e+01,2.115380048751831055e+00,8.627050399780273438e+00,1.660050010681152344e+01,3.355439901351928711e+00,8.182029724121093750e+00,9.452819824218750000e+00,9.224880218505859375e+00,5.537000179290771484e+00,4.241849899291992188e+00,6.882870197296142578e+00,6.281479835510253906e+00,3.395970106124877930e+00,9.153089523315429688e+00,7.907639980316162109e+00,5.304999828338623047e+00,7.108429908752441406e+00,4.302430152893066406e+00,1.066419982910156250e+01,4.415430068969726562e+00,4.721930027008056641e+00,4.212349891662597656e+00
4.164659976959228516e+00,5.321320056915283203e+00,4.175970077514648438e+00,6.439239978790283203e+00,9.444310188293457031e+00,6.424699783325195312e+00,8.214850425720214844e+00,3.407510042190551758e+00,6.282519817352294922e+00,4.725170135498046875e+00,6.410739898681640625e+00,9.565389633178710938e+00,6.135489940643310547e+00,6.635359764099121094e+00,6.279119968414306641e+00,5.790840148925781250e+00,3.614429950714111328e+00,8.723219871520996094e+00,4.728690147399902344e+00,9.697290420532226562e+00,4.135099887847900391e+00,4.167880058288574219e+00,5.367609977722167969e+00,5.272250175476074219e+00,4.683159828186035156e+00,4.167600154876708984e+00,1.232149982452392578e+01,1.151780033111572266e+01,2.127660036087036133e+00,7.432879924774169922e+00,1.695120048522949219e+01,3.447629928588867188e+00,5.152339935302734375e+00,9.137390136718750000e+00,8.266369819641113281e+00,5.118780136108398438e+00,4.010220050811767578e+00,6.858200073242187500e+00,5.849800109863281250e+00,3.129970073699951172e+00,7.256639957427978516e+00,7.058179855346679688e+00,5.763390064239501953e+00,6.371479988098144531e+00,4.548029899597167969e+00,9.032030105590820312e+00,3.914839982986450195e+00,4.258419990539550781e+00,9.076780319213867188e+00
3.983659982681274414e+00,4.620269775390625000e+00,4.251220226287841797e+00,6.480969905853271484e+00,8.895739555358886719e+00,5.753369808197021484e+00,7.192039966583251953e+00,3.006109952926635742e+00,6.508649826049804688e+00,4.568470001220703125e+00,8.094530105590820312e+00,9.521900177001953125e+00,4.961669921875000000e+00,5.523019790649414062e+00,5.229770183563232422e+00,5.085450172424316406e+00,3.262979984283447266e+00,8.896240234375000000e+00,4.359010219573974609e+00,8.363949775695800781e+00,4.325530052185058594e+00,2.533560037612915039e+00,4.715330123901367188e+00,5.015450000762939453e+00,5.188210010528564453e+00,3.996309995651245117e+00,8.745759963989257812e+00,9.499290466308593750e+00,2.167769908905029297e+00,6.764349937438964844e+00,1.540590000152587891e+01,2.839620113372802734e+00,6.924190044403076172e+00,8.515819549560546875e+00,7.400730133056640625e+00,4.202020168304443359e+00,3.375679969787597656e+00,6.973030090332031250e+00,5.649859905242919922e+00,2.421400070190429688e+00,6.121419906616210938e+00,6.694680213928222656e+00,5.882929801940917969e+00,6.041359901428222656e+00,7.354879856109619141e+00,7.248280048370361328e+00,3.497070074081420898e+00,4.767759799957275391e+00,7.777349948883056641e+00
4.221990108489990234e+00,4.498720169067382812e+00,3.902189970016479492e+00,6.474009990692138672e+00,7.106319904327392578e+00,5.134449958801269531e+00,5.360300064086914062e+00,2.738770008087158203e+00,6.367700099945068359e+00,4.644589900970458984e+00,5.025680065155029297e+00,5.059909820556640625e+00,3.788110017776489258e+00,4.403349876403808594e+00,4.387380123138427734e+00,4.289000034332275391e+00,3.777750015258789062e+00,7.950729846954345703e+00,4.101910114288330078e+00,7.241219997406005859e+00,3.351219892501831055e+00,2.474539995193481445e+00,3.726340055465698242e+00,5.843029975891113281e+00,3.648269891738891602e+00,4.267560005187988281e+00,5.960440158843994141e+00,7.059050083160400391e+00,1.937980055809020996e+00,5.920519828796386719e+00,1.221539974212646484e+01,2.815710067749023438e+00,5.402390003204345703e+00,6.753210067749023438e+00,5.755750179290771484e+00,2.958260059356689453e+00,3.328919887542724609e+00,5.151669979095458984e+00,6.000840187072753906e+00,1.956840038299560547e+00,5.454319953918457031e+00,6.583559989929199219e+00,5.293729782104492188e+00,5.299489974975585938e+00,3.477960109710693359e+00,4.752299785614013672e+00,2.637079954147338867e+00,3.369339942932128906e+00,6.839340209960937500e+00
3.418889999389648438e+00,3.440469980239868164e+00,2.591320037841796875e+00,5.369750022888183594e+00,4.642529964447021484e+00,3.745090007781982422e+00,4.323880195617675781e+00,2.109699964523315430e+00,5.265799999237060547e+00,3.677479982376098633e+00,3.701420068740844727e+00,2.862940073013305664e+00,2.625649929046630859e+00,2.879339933395385742e+00,2.650549888610839844e+00,3.018529891967773438e+00,2.985169887542724609e+00,4.717740058898925781e+00,3.217370033264160156e+00,4.097060203552246094e+00,2.256520032882690430e+00,1.668009996414184570e+00,2.548569917678833008e+00,4.033770084381103516e+00,2.741009950637817383e+00,3.215219974517822266e+00,4.764319896697998047e+00,4.343510150909423828e+00,1.718580007553100586e+00,4.667580127716064453e+00,7.900070190429687500e+00,1.596840023994445801e+00,3.500570058822631836e+00,4.052219867706298828e+00,4.483059883117675781e+00,2.001310110092163086e+00,2.350140094757080078e+00,2.776489973068237305e+00,4.866980075836181641e+00,1.512040019035339355e+00,3.761140108108520508e+00,5.287230014801025391e+00,3.756319999694824219e+00,4.419149875640869141e+00,2.434520006179809570e+00,2.961090087890625000e+00,1.987349987030029297e+00,2.342989921569824219e+00,4.962689876556396484e+00
2.646059989929199219e+00,2.297940015792846680e+00,1.713459968566894531e+00,3.863359928131103516e+00,3.148960113525390625e+00,2.680999994277954102e+00,5.639170169830322266e+00,1.217499971389770508e+00,4.137279987335205078e+00,2.901789903640747070e+00,2.586930036544799805e+00,1.693470001220703125e+00,2.094150066375732422e+00,2.055200099945068359e+00,1.995659947395324707e+00,2.567960023880004883e+00,2.117820024490356445e+00,2.759160041809082031e+00,2.508990049362182617e+00,2.525680065155029297e+00,1.455690026283264160e+00,1.243710041046142578e+00,1.958250045776367188e+00,3.384619951248168945e+00,1.657089948654174805e+00,2.284670114517211914e+00,5.780149936676025391e+00,2.768739938735961914e+00,8.706470131874084473e-01,3.884730100631713867e+00,4.577950000762939453e+00,9.741659760475158691e-01,2.630039930343627930e+00,2.594549894332885742e+00,3.579080104827880859e+00,2.915810108184814453e+00,1.600900053977966309e+00,1.813199996948242188e+00,3.436079978942871094e+00,1.090989947319030762e+00,3.159440040588378906e+00,4.121819972991943359e+00,2.455070018768310547e+00,3.414230108261108398e+00,1.384619951248168945e+00,1.855380058288574219e+00,1.405290007591247559e+00,2.647079944610595703e+00,1.444200038909912109e+00
2.437210083007812500e+00,2.302089929580688477e+00,1.428269982337951660e+00,3.293580055236816406e+00,2.856169939041137695e+00,2.166320085525512695e+00,4.219490051269531250e+00,1.139209985733032227e+00,3.876189947128295898e+00,2.677279949188232422e+00,1.749070048332214355e+00,1.304980039596557617e+00,1.895470023155212402e+00,1.562999963760375977e+00,1.439589977264404297e+00,2.125829935073852539e+00,1.969650030136108398e+00,2.129829883575439453e+00,2.252120018005371094e+00,1.692479968070983887e+00,1.178599953651428223e+00,1.297739982604980469e+00,1.883669972419738770e+00,3.589659929275512695e+00,1.312420010566711426e+00,2.070090055465698242e+00,1.127659988403320312e+01,2.405349969863891602e+00,9.981849789619445801e-01,3.642189979553222656e+00,4.041130065917968750e+00,7.561900019645690918e-01,2.387969970703125000e+00,2.363120079040527344e+00,3.529330015182495117e+00,1.192800045013427734e+00,1.467319965362548828e+00,1.253559947013854980e+00,3.303620100021362305e+00,1.239869952201843262e+00,2.680030107498168945e+00,3.706049919128417969e+00,2.470870018005371094e+00,3.308120012283325195e+00,8.256109952926635742e-01,1.483880043029785156e+00,1.457190036773681641e+00,2.037770032882690430e+00,1.826329946517944336e+00
2.925050020217895508e+00,2.215679883956909180e+00,1.556859970092773438e+00,3.206979990005493164e+00,3.129750013351440430e+00,2.070250034332275391e+00,4.181540012359619141e+00,1.177629947662353516e+00,3.699140071868896484e+00,2.856300115585327148e+00,1.721629977226257324e+00,1.236680030822753906e+00,1.995959997177124023e+00,1.685700058937072754e+00,1.823570013046264648e+00,2.722630023956298828e+00,2.046020030975341797e+00,1.902160048484802246e+00,2.321890115737915039e+00,1.249410033226013184e+00,1.086969971656799316e+00,1.421530008316040039e+00,1.739099979400634766e+00,3.538820028305053711e+00,1.367050051689147949e+00,2.028690099716186523e+00,3.591840028762817383e+00,2.372400045394897461e+00,9.442059993743896484e-01,3.676340103149414062e+00,3.985359907150268555e+00,9.117109775543212891e-01,2.342540025711059570e+00,2.242199897766113281e+00,5.705550193786621094e+00,1.293030023574829102e+00,1.437369942665100098e+00,1.244220018386840820e+00,2.872839927673339844e+00,1.343750000000000000e+00,2.597330093383789062e+00,3.822180032730102539e+00,2.225419998168945312e+00,3.232850074768066406e+00,7.966750264167785645e-01,1.441140055656433105e+00,1.238129973411560059e+00,2.213500022888183594e+00,2.028769969940185547e+00
2.748500108718872070e+00,2.230880022048950195e+00,1.733029961585998535e+00,3.425040006637573242e+00,3.309839963912963867e+00,2.016040086746215820e+00,4.941549777984619141e+00,1.376739978790283203e+00,3.720949888229370117e+00,2.930550098419189453e+00,1.542420029640197754e+00,1.285650014877319336e+00,2.040280103683471680e+00,1.737390041351318359e+00,1.439700007438659668e+00,2.532040119171142578e+00,1.836539983749389648e+00,1.702739953994750977e+00,2.298599958419799805e+00,1.031800031661987305e+00,1.075099945068359375e+00,1.385169982910156250e+00,1.726209998130798340e+00,3.496220111846923828e+00,1.163110017776489258e+00,2.067310094833374023e+00,4.440299987792968750e+00,2.428819894790649414e+00,4.563229978084564209e-01,3.576580047607421875e+00,4.029950141906738281e+00,9.030169844627380371e-01,2.474370002746582031e+00,2.210710048675537109e+00,2.334000110626220703e+00,1.453379988670349121e+00,1.449589967727661133e+00,1.139760017395019531e+00,3.211639881134033203e+00,1.018419981002807617e+00,2.560839891433715820e+00,3.511830091476440430e+00,2.461280107498168945e+00,3.328210115432739258e+00,6.327940225601196289e-01,1.401350021362304688e+00,1.027449965476989746e+00,1.615759968757629395e+00,1.842800021171569824e+00
2.699949979782104492e+00,1.968960046768188477e+00,1.777950048446655273e+00,3.552550077438354492e+00,3.330019950866699219e+00,1.877730011940002441e+00,4.757979869842529297e+00,1.150149941444396973e+00,3.636250019073486328e+00,3.071559906005859375e+00,1.484750032424926758e+00,1.202149987220764160e+00,2.121079921722412109e+00,1.725229978561401367e+00,1.535830020904541016e+00,2.474889993667602539e+00,1.936939954757690430e+00,1.721429944038391113e+00,2.239439964294433594e+00,1.169389963150024414e+00,1.193140029907226562e+00,1.361510038375854492e+00,1.659420013427734375e+00,3.438780069351196289e+00,1.350620031356811523e+00,2.264610052108764648e+00,3.492749929428100586e+00,2.498780012130737305e+00,8.674100041389465332e-01,3.924109935760498047e+00,4.369800090789794922e+00,8.439649939537048340e-01,2.348750114440917969e+00,2.329459905624389648e+00,2.007110118865966797e+00,1.318910002708435059e+00,1.515040040016174316e+00,1.285279989242553711e+00,3.120110034942626953e+00,1.110589981079101562e+00,2.310839891433715820e+00,3.367579936981201172e+00,2.210000038146972656e+00,3.322940111160278320e+00,7.856150269508361816e-01,1.498659968376159668e+00,1.248810052871704102e+00,2.044290065765380859e+00,2.269500017166137695e+00
2.575429916381835938e+00,2.049289941787719727e+00,1.620530009269714355e+00,3.621010065078735352e+00,3.275379896163940430e+00,2.014889955520629883e+00,4.418340206146240234e+00,1.325070023536682129e+00,3.469290018081665039e+00,2.896330118179321289e+00,1.715960025787353516e+00,1.276299953460693359e+00,2.279459953308105469e+00,1.778710007667541504e+00,1.588459968566894531e+00,2.238610029220581055e+00,1.642210006713867188e+00,1.863980054855346680e+00,2.340450048446655273e+00,1.017249941825866699e+00,1.121250033378601074e+00,1.441789984703063965e+00,1.900879979133605957e+00,3.171770095825195312e+00,1.363819956779479980e+00,2.111730098724365234e+00,4.826039791107177734e+00,2.603739976882934570e+00,1.463739991188049316e+00,3.988409996032714844e+00,4.043690204620361328e+00,9.690319895744323730e-01,2.432749986648559570e+00,2.312900066375732422e+00,2.142940044403076172e+00,1.324470043182373047e+00,1.477749943733215332e+00,1.290320038795471191e+00,2.790930032730102539e+00,1.173370003700256348e+00,2.501460075378417969e+00,3.241499900817871094e+00,2.573529958724975586e+00,2.975189924240112305e+00,6.990560293197631836e-01,1.443390011787414551e+00,1.126279950141906738e+00,2.381720066070556641e+00,2.357559919357299805e+00
2.321320056915283203e+00,2.110280036926269531e+00,1.832340002059936523e+00,3.888679981231689453e+00,3.086580038070678711e+00,1.985939979553222656e+00,4.249670028686523438e+00,1.223479986190795898e+00,3.288399934768676758e+00,2.679970026016235352e+00,1.076660037040710449e+00,1.310240030288696289e+00,2.373070001602172852e+00,1.755740046501159668e+00,1.490980029106140137e+00,1.914749979972839355e+00,1.495110034942626953e+00,1.642379999160766602e+00,2.250920057296752930e+00,1.288339972496032715e+00,1.210659980773925781e+00,1.280609965324401855e+00,1.630280017852783203e+00,2.562829971313476562e+00,1.531540036201477051e+00,2.089459896087646484e+00,1.517750024795532227e+00,2.476310014724731445e+00,1.605020046234130859e+00,3.710880041122436523e+00,4.085700035095214844e+00,1.076380014419555664e+00,2.300159931182861328e+00,2.687560081481933594e+00,1.820749998092651367e+00,1.539700031280517578e+00,1.457479953765869141e+00,9.346560239791870117e-01,2.575769901275634766e+00,1.058889985084533691e+00,2.365580081939697266e+00,2.987129926681518555e+00,3.382770061492919922e+00,2.920130014419555664e+00,8.140890002250671387e-01,1.628090023994445801e+00,1.219930052757263184e+00,2.259619951248168945e+00,1.955780029296875000e+00
1.963160037994384766e+00,2.015150070190429688e+00,1.621909976005554199e+00,3.535049915313720703e+00,3.115550041198730469e+00,1.812770009040832520e+00,3.551369905471801758e+00,8.710430264472961426e-01,3.151070117950439453e+00,2.337199926376342773e+00,1.467890024185180664e+00,1.057129979133605957e+00,2.326519966125488281e+00,1.749289989471435547e+00,9.916880130767822266e-01,1.952299952507019043e+00,1.210870027542114258e+00,1.444679975509643555e+00,2.059170007705688477e+00,1.220309972763061523e+00,1.167299985885620117e+00,1.341439962387084961e+00,1.859609961509704590e+00,2.882879972457885742e+00,1.006500005722045898e+00,1.783280014991760254e+00,1.732100009918212891e+00,2.670320034027099609e+00,9.153320193290710449e-01,3.867520093917846680e+00,4.189479827880859375e+00,9.697660207748413086e-01,2.158040046691894531e+00,2.549920082092285156e+00,2.349149942398071289e+00,1.353880047798156738e+00,1.390120029449462891e+00,9.470300078392028809e-01,2.265450000762939453e+00,1.011010050773620605e+00,2.344850063323974609e+00,3.019180059432983398e+00,2.444880008697509766e+00,2.973380088806152344e+00,7.809659838676452637e-01,1.411399960517883301e+00,1.204820036888122559e+00,2.151380062103271484e+00,1.882009983062744141e+00
1.883440017700195312e+00,1.705880045890808105e+00,1.529240012168884277e+00,3.428570032119750977e+00,3.075289964675903320e+00,1.773370027542114258e+00,3.929860115051269531e+00,8.868240118026733398e-01,3.089920043945312500e+00,2.323149919509887695e+00,1.463940024375915527e+00,1.267169952392578125e+00,2.332849979400634766e+00,1.680189967155456543e+00,1.475870013236999512e+00,1.993939995765686035e+00,1.250030040740966797e+00,1.588979959487915039e+00,2.266390085220336914e+00,1.014420032501220703e+00,1.197409987449645996e+00,1.240659952163696289e+00,1.802250027656555176e+00,2.449409961700439453e+00,1.470589995384216309e+00,1.671139955520629883e+00,2.263780117034912109e+00,2.936180114746093750e+00,1.302260041236877441e+00,3.869339942932128906e+00,3.985290050506591797e+00,9.037529826164245605e-01,2.205480098724365234e+00,2.379240036010742188e+00,2.134919881820678711e+00,1.329560041427612305e+00,1.451020002365112305e+00,1.042500019073486328e+00,2.178210020065307617e+00,7.294980287551879883e-01,2.086460113525390625e+00,2.988940000534057617e+00,2.486690044403076172e+00,2.838320016860961914e+00,5.629839897155761719e-01,1.451419949531555176e+00,1.183179974555969238e+00,2.031239986419677734e+00,2.076800107955932617e+00
1.897210001945495605e+00,1.745939970016479492e+00,1.679380059242248535e+00,3.299069881439208984e+00,3.173429965972900391e+00,1.859770059585571289e+00,5.253159999847412109e+00,1.058910012245178223e+00,3.057090044021606445e+00,2.511650085449218750e+00,1.511630058288574219e+00,1.206329941749572754e+00,2.354979991912841797e+00,1.921470046043395996e+00,1.640949964523315430e+00,2.007590055465698242e+00,1.477280020713806152e+00,1.508970022201538086e+00,2.217609882354736328e+00,1.222020030021667480e+00,1.261240005493164062e+00,1.401389956474304199e+00,1.653699994087219238e+00,2.520940065383911133e+00,1.298370003700256348e+00,1.918560028076171875e+00,1.423840045928955078e+00,3.065850019454956055e+00,7.073389887809753418e-01,3.911740064620971680e+00,3.845279932022094727e+00,1.049649953842163086e+00,2.331880092620849609e+00,2.615649938583374023e+00,2.075180053710937500e+00,1.443230032920837402e+00,1.399080038070678711e+00,1.018900036811828613e+00,2.174410104751586914e+00,8.308609724044799805e-01,1.925220012664794922e+00,2.452860116958618164e+00,2.469069957733154297e+00,2.940340042114257812e+00,5.874789953231811523e-01,1.537469983100891113e+00,1.219920039176940918e+00,2.511140108108520508e+00,1.839259982109069824e+00
1.888509988784790039e+00,1.479599952697753906e+00,1.089450001716613770e+00,3.289890050888061523e+00,3.145819902420043945e+00,1.835479974746704102e+00,5.089220046997070312e+00,1.074249982833862305e+00,2.920140027999877930e+00,2.647710084915161133e+00,1.081859946250915527e+00,1.199630022048950195e+00,2.283509969711303711e+00,1.702530026435852051e+00,1.100919961929321289e+00,2.235169887542724609e+00,1.542750000953674316e+00,1.647349953651428223e+00,2.318680047988891602e+00,1.133659958839416504e+00,1.339800000190734863e+00,1.329069972038269043e+00,1.683539986610412598e+00,2.208739995956420898e+00,1.502200007438659668e+00,1.882969975471496582e+00,1.487550020217895508e+00,2.915999889373779297e+00,5.821470022201538086e-01,3.860840082168579102e+00,3.367379903793334961e+00,9.398599863052368164e-01,2.189140081405639648e+00,2.396719932556152344e+00,2.377259969711303711e+00,1.565039992332458496e+00,1.363330006599426270e+00,1.084390044212341309e+00,2.300980091094970703e+00,8.265359997749328613e-01,2.028350114822387695e+00,2.286969900131225586e+00,2.549989938735961914e+00,2.901989936828613281e+00,7.394369840621948242e-01,1.535830020904541016e+00,1.370049953460693359e+00,2.400000095367431641e+00,1.037610054016113281e+00
1.680469989776611328e+00,1.383139967918395996e+00,1.443689942359924316e+00,3.351439952850341797e+00,2.677350044250488281e+00,1.786409974098205566e+00,5.182370185852050781e+00,1.177839994430541992e+00,2.848190069198608398e+00,2.433500051498413086e+00,1.154960036277770996e+00,8.250259757041931152e-01,1.966169953346252441e+00,1.558570027351379395e+00,1.114740014076232910e+00,1.749379992485046387e+00,1.380869984626770020e+00,1.683799982070922852e+00,2.125629901885986328e+00,1.165320038795471191e+00,1.206009984016418457e+00,1.513360023498535156e+00,1.482280015945434570e+00,1.986289978027343750e+00,1.294929981231689453e+00,1.833840012550354004e+00,1.493000030517578125e+00,2.652600049972534180e+00,7.259529829025268555e-01,3.792659997940063477e+00,3.511110067367553711e+00,9.310989975929260254e-01,2.163150072097778320e+00,2.239660024642944336e+00,2.168070077896118164e+00,1.471379995346069336e+00,1.308449983596801758e+00,1.104930043220520020e+00,2.410180091857910156e+00,8.712829947471618652e-01,1.985880017280578613e+00,2.436769962310791016e+00,2.585059881210327148e+00,2.674949884414672852e+00,6.542879939079284668e-01,1.516049981117248535e+00,1.297019958496093750e+00,2.241110086441040039e+00,1.087939977645874023e+00
1.511190056800842285e+00,1.152940034866333008e+00,1.245749950408935547e+00,3.186229944229125977e+00,2.659940004348754883e+00,1.640450000762939453e+00,4.639699935913085938e+00,7.957760095596313477e-01,2.800770044326782227e+00,2.276030063629150391e+00,8.474580049514770508e-01,1.056210041046142578e+00,1.735829949378967285e+00,1.375339984893798828e+00,9.528239965438842773e-01,1.594490051269531250e+00,1.293079972267150879e+00,1.592069983482360840e+00,1.884469985961914062e+00,1.063670039176940918e+00,1.091230034828186035e+00,1.521229982376098633e+00,1.336760044097900391e+00,2.157140016555786133e+00,1.153300046920776367e+00,1.713459968566894531e+00,1.792109966278076172e+00,2.434629917144775391e+00,1.267830014228820801e+00,3.532609939575195312e+00,3.271980047225952148e+00,7.127130031585693359e-01,1.933750033378601074e+00,1.933120012283325195e+00,2.123780012130737305e+00,1.212929964065551758e+00,1.183459997177124023e+00,9.638550281524658203e-01,2.066099882125854492e+00,9.151110053062438965e-01,1.884789943695068359e+00,2.579770088195800781e+00,2.231199979782104492e+00,2.500619888305664062e+00,5.959910154342651367e-01,1.473729968070983887e+00,1.214249968528747559e+00,1.887369990348815918e+00,1.188300013542175293e+00
1.604239940643310547e+00,1.078920006752014160e+00,1.405509948730468750e+00,3.022170066833496094e+00,2.648989915847778320e+00,1.663939952850341797e+00,3.991889953613281250e+00,8.938549757003784180e-01,2.917540073394775391e+00,2.168809890747070312e+00,1.325160026550292969e+00,1.003659963607788086e+00,1.543419957160949707e+00,1.260010004043579102e+00,1.026469945907592773e+00,1.481539964675903320e+00,1.326460003852844238e+00,1.562999963760375977e+00,1.709380030632019043e+00,1.042410016059875488e+00,9.353049993515014648e-01,1.091869950294494629e+00,1.077350020408630371e+00,1.946660041809082031e+00,1.193529963493347168e+00,1.520079970359802246e+00,1.259209990501403809e+00,2.125649929046630859e+00,8.021389842033386230e-01,3.223819971084594727e+00,2.941560029983520508e+00,7.764840126037597656e-01,1.725700020790100098e+00,1.938210010528564453e+00,1.957020044326782227e+00,1.241410017013549805e+00,1.053249955177307129e+00,8.529620170593261719e-01,1.985290050506591797e+00,7.795889973640441895e-01,1.852669954299926758e+00,2.558919906616210938e+00,2.232759952545166016e+00,2.225450038909912109e+00,5.221490263938903809e-01,1.240249991416931152e+00,1.048889994621276855e+00,1.395480036735534668e+00,1.537799954414367676e+00
1.622930049896240234e+00,1.322370052337646484e+00,1.239349961280822754e+00,2.868969917297363281e+00,2.507469892501831055e+00,1.358049988746643066e+00,2.960309982299804688e+00,7.029359936714172363e-01,2.809350013732910156e+00,1.999580025672912598e+00,1.018030047416687012e+00,1.000239968299865723e+00,1.446349978446960449e+00,1.311689972877502441e+00,8.655480146408081055e-01,1.312700033187866211e+00,1.239799976348876953e+00,1.315840005874633789e+00,1.566230058670043945e+00,9.797469973564147949e-01,9.260349869728088379e-01,1.134899973869323730e+00,1.136070013046264648e+00,2.238399982452392578e+00,1.346410036087036133e+00,1.239089965820312500e+00,2.083930015563964844e+00,2.007359981536865234e+00,3.236249983310699463e-01,2.759589910507202148e+00,2.716029882431030273e+00,9.928719997406005859e-01,1.527369976043701172e+00,1.682610034942626953e+00,1.634580016136169434e+00,1.304329991340637207e+00,9.614959955215454102e-01,6.072720289230346680e-01,1.790120005607604980e+00,6.439149975776672363e-01,1.768740057945251465e+00,2.688829898834228516e+00,2.018810033798217773e+00,2.104500055313110352e+00,4.140070080757141113e-01,1.288980007171630859e+00,1.066599965095520020e+00,1.194919943809509277e+00,9.130430221557617188e-01
1.664019942283630371e+00,1.331240057945251465e+00,1.340989947319030762e+00,2.665040016174316406e+00,2.497279882431030273e+00,1.341959953308105469e+00,3.658159971237182617e+00,6.774240136146545410e-01,2.919009923934936523e+00,2.035989999771118164e+00,7.485960125923156738e-01,1.103579998016357422e+00,1.351510047912597656e+00,1.334830045700073242e+00,9.795359969139099121e-01,1.545160055160522461e+00,1.360010027885437012e+00,1.238659977912902832e+00,1.529469966888427734e+00,7.382500171661376953e-01,9.034600257873535156e-01,1.279489994049072266e+00,1.359770059585571289e+00,1.988989949226379395e+00,1.021080017089843750e+00,1.195119976997375488e+00,2.020200014114379883e+00,2.212620019912719727e+00,2.360350042581558228e-01,2.668060064315795898e+00,3.038199901580810547e+00,7.526230216026306152e-01,1.584830045700073242e+00,1.764569997787475586e+00,1.478489995002746582e+00,1.220160007476806641e+00,9.303449988365173340e-01,9.091629981994628906e-01,1.866000056266784668e+00,8.456900119781494141e-01,1.997149944305419922e+00,2.588310003280639648e+00,2.136729955673217773e+00,2.247590065002441406e+00,5.599099993705749512e-01,1.196269989013671875e+00,9.670190215110778809e-01,1.244480013847351074e+00,8.075370192527770996e-01
1.775230050086975098e+00,1.314890027046203613e+00,1.500609993934631348e+00,2.811199903488159180e+00,2.412770032882690430e+00,1.411069989204406738e+00,3.824579954147338867e+00,7.627879977226257324e-01,2.953759908676147461e+00,2.069060087203979492e+00,7.650269865989685059e-01,8.592659831047058105e-01,1.268919944763183594e+00,1.242349982261657715e+00,1.025609970092773438e+00,1.513689994812011719e+00,1.440150022506713867e+00,1.221500039100646973e+00,1.634039998054504395e+00,7.255309820175170898e-01,1.104470014572143555e+00,1.210229992866516113e+00,1.221809983253479004e+00,1.866750001907348633e+00,1.057659983634948730e+00,1.188140034675598145e+00,1.541589975357055664e+00,1.981299996376037598e+00,5.524860024452209473e-01,2.668020009994506836e+00,2.817820072174072266e+00,5.958179831504821777e-01,1.120900034904479980e+00,1.746000051498413086e+00,1.410979986190795898e+00,1.078750014305114746e+00,9.430819749832153320e-01,9.051619768142700195e-01,1.832960009574890137e+00,7.717999815940856934e-01,2.122339963912963867e+00,2.909480094909667969e+00,1.936710000038146973e+00,2.315710067749023438e+00,4.434979856014251709e-01,1.112030029296875000e+00,9.874039888381958008e-01,4.562079906463623047e+00,1.117570042610168457e+00
1.622750043869018555e+00,9.042659997940063477e-01,1.251739978790283203e+00,2.870440006256103516e+00,2.308609962463378906e+00,1.313490033149719238e+00,4.180970191955566406e+00,7.638679742813110352e-01,2.879800081253051758e+00,2.344429969787597656e+00,5.805199742317199707e-01,7.089729905128479004e-01,1.128589987754821777e+00,1.220870018005371094e+00,8.107609748840332031e-01,1.321859955787658691e+00,1.249310016632080078e+00,1.349740028381347656e+00,1.683509945869445801e+00,8.014439940452575684e-01,9.713500142097473145e-01,1.111400008201599121e+00,1.116979956626892090e+00,1.604959964752197266e+00,1.003880023956298828e+00,1.171830058097839355e+00,1.686390042304992676e+00,1.723919987678527832e+00,4.266209900379180908e-01,2.710530042648315430e+00,2.542560100555419922e+00,7.114850282669067383e-01,1.399060010910034180e+00,1.848860025405883789e+00,1.247110009193420410e+00,1.137169957160949707e+00,9.758560061454772949e-01,7.479599714279174805e-01,1.758589982986450195e+00,8.005650043487548828e-01,1.924090027809143066e+00,2.575690031051635742e+00,1.880239963531494141e+00,2.306699991226196289e+00,5.100250244140625000e-01,1.086770057678222656e+00,1.071840047836303711e+00,4.546319961547851562e+00,7.045559883117675781e-01
1.549929976463317871e+00,8.847150206565856934e-01,1.240319967269897461e+00,2.822370052337646484e+00,2.224900007247924805e+00,1.303930044174194336e+00,4.290689945220947266e+00,7.676680088043212891e-01,2.872659921646118164e+00,2.279850006103515625e+00,7.677540183067321777e-01,7.950729727745056152e-01,1.015939950942993164e+00,1.157119989395141602e+00,6.137580275535583496e-01,1.041970014572143555e+00,1.280329942703247070e+00,1.287670016288757324e+00,1.807430028915405273e+00,5.180259943008422852e-01,9.632909893989562988e-01,1.181470036506652832e+00,8.338270187377929688e-01,1.733690023422241211e+00,7.827010154724121094e-01,1.125440001487731934e+00,1.738610029220581055e+00,1.892109990119934082e+00,7.042250037193298340e-01,3.019759893417358398e+00,2.607290029525756836e+00,8.183969855308532715e-01,1.717740058898925781e+00,1.865200042724609375e+00,9.940069913864135742e-01,1.015990018844604492e+00,8.810570240020751953e-01,7.642800211906433105e-01,1.752310037612915039e+00,5.624700188636779785e-01,1.750499963760375977e+00,2.647190093994140625e+00,1.782709956169128418e+00,2.161959886550903320e+00,4.623039960861206055e-01,1.052809953689575195e+00,8.084459900856018066e-01,1.132830023765563965e+00,3.584229946136474609e-01
1.439120054244995117e+00,1.128530025482177734e+00,1.285210013389587402e+00,2.899840116500854492e+00,1.951130032539367676e+00,1.162870049476623535e+00,4.676459789276123047e+00,8.334029912948608398e-01,2.887680053710937500e+00,2.181900024414062500e+00,8.077989816665649414e-01,5.052679777145385742e-01,1.213569998741149902e+00,1.118579983711242676e+00,6.771720051765441895e-01,1.172559976577758789e+00,1.188099980354309082e+00,1.272330045700073242e+00,1.705510020256042480e+00,6.502320170402526855e-01,8.292970061302185059e-01,1.137979984283447266e+00,9.645959734916687012e-01,2.242830038070678711e+00,8.564490079879760742e-01,1.103019952774047852e+00,1.926349997520446777e+00,1.847380042076110840e+00,1.221000030636787415e-01,2.693020105361938477e+00,2.403179883956909180e+00,6.239169836044311523e-01,1.652330040931701660e+00,1.673529982566833496e+00,8.746650218963623047e-01,7.363770008087158203e-01,8.792629837989807129e-01,6.195989847183227539e-01,1.397330045700073242e+00,5.732629895210266113e-01,1.627619981765747070e+00,2.551259994506835938e+00,1.505710005760192871e+00,2.064280033111572266e+00,3.639509975910186768e-01,1.104259967803955078e+00,8.884779810905456543e-01,9.319829940795898438e-01,5.998290181159973145e-01
1.517099976539611816e+00,9.178739786148071289e-01,1.106050014495849609e+00,3.079900026321411133e+00,1.868899941444396973e+00,1.277529954910278320e+00,3.536540031433105469e+00,7.388319969177246094e-01,3.159080028533935547e+00,2.316109895706176758e+00,9.286900162696838379e-01,5.692600011825561523e-01,1.097929954528808594e+00,1.038409948348999023e+00,6.212019920349121094e-01,8.121680021286010742e-01,1.222620010375976562e+00,1.259739995002746582e+00,1.802839994430541992e+00,8.218979835510253906e-01,8.947079777717590332e-01,1.795899987220764160e+00,8.897920250892639160e-01,1.764260053634643555e+00,7.853400111198425293e-01,1.156180024147033691e+00,0.000000000000000000e+00,1.685199975967407227e+00,1.700679957866668701e-01,2.932199954986572266e+00,2.256239891052246094e+00,6.462540030479431152e-01,1.310539960861206055e+00,1.564990043640136719e+00,7.682790160179138184e-01,1.076149940490722656e+00,7.972580194473266602e-01,6.456549763679504395e-01,1.490249991416931152e+00,7.880910038948059082e-01,1.605419993400573730e+00,2.248260021209716797e+00,1.334460020065307617e+00,2.115250110626220703e+00,3.781369924545288086e-01,1.080340027809143066e+00,9.533320069313049316e-01,8.190850019454956055e-01,8.209339976310729980e-01
1.256880044937133789e+00,8.864349722862243652e-01,9.811580181121826172e-01,2.848939895629882812e+00,1.604210019111633301e+00,9.982510209083557129e-01,5.189479827880859375e+00,5.532619953155517578e-01,2.690779924392700195e+00,1.823600053787231445e+00,7.340949773788452148e-01,7.349339723587036133e-01,8.669829964637756348e-01,9.442530274391174316e-01,5.064979791641235352e-01,7.028080224990844727e-01,9.318029880523681641e-01,1.152330040931701660e+00,1.506450057029724121e+00,7.713990211486816406e-01,7.968130111694335938e-01,9.187870025634765625e-01,6.833630204200744629e-01,1.678779959678649902e+00,6.699299812316894531e-01,1.049630045890808105e+00,1.624600052833557129e+00,1.094570040702819824e+00,1.230010017752647400e-01,2.546900033950805664e+00,1.913229942321777344e+00,1.375659942626953125e+00,1.419630050659179688e+00,1.226989984512329102e+00,4.235129952430725098e-01,1.062690019607543945e+00,7.376859784126281738e-01,8.312280178070068359e-01,1.539659976959228516e+00,5.611529946327209473e-01,1.327810049057006836e+00,1.456009984016418457e+00,1.053930044174194336e+00,1.931180000305175781e+00,2.948830127716064453e-01,1.189319968223571777e+00,6.873779892921447754e-01,7.650719881057739258e-01,8.337420225143432617e-01
1.222599983215332031e+00,5.906370282173156738e-01,8.488389849662780762e-01,2.680560111999511719e+00,1.413319945335388184e+00,1.052459955215454102e+00,3.764499902725219727e+00,5.539460182189941406e-01,2.399889945983886719e+00,1.578009963035583496e+00,4.667440056800842285e-01,4.663090109825134277e-01,7.661839723587036133e-01,7.523710131645202637e-01,4.576359987258911133e-01,7.445229887962341309e-01,7.300990223884582520e-01,1.065240025520324707e+00,1.500530004501342773e+00,7.041249871253967285e-01,7.328770160675048828e-01,8.211410045623779297e-01,8.002880215644836426e-01,1.561030030250549316e+00,6.770989894866943359e-01,9.224460124969482422e-01,1.101519942283630371e+00,1.310359954833984375e+00,5.612720251083374023e-01,2.415729999542236328e+00,1.782960057258605957e+00,1.498049974441528320e+00,1.348580002784729004e+00,1.234069943428039551e+00,6.229209899902343750e-01,1.003640055656433105e+00,6.708539724349975586e-01,8.036029934883117676e-01,1.377810001373291016e+00,5.729290246963500977e-01,1.043380022048950195e+00,1.581159949302673340e+00,1.197370052337646484e+00,1.693410038948059082e+00,3.702400028705596924e-01,1.027940034866333008e+00,6.588609814643859863e-01,5.414230227470397949e-01,4.448400139808654785e-01
9.458870291709899902e-01,6.412510275840759277e-01,8.099949955940246582e-01,2.503309965133666992e+00,1.215119957923889160e+00,9.162600040435791016e-01,3.590630054473876953e+00,4.353350102901458740e-01,2.298320055007934570e+00,1.442319989204406738e+00,4.114019870758056641e-01,5.982509851455688477e-01,6.768869757652282715e-01,6.865119934082031250e-01,5.008029937744140625e-01,5.261229872703552246e-01,7.676619887351989746e-01,1.051049947738647461e+00,1.279539942741394043e+00,7.177680134773254395e-01,6.345989704132080078e-01,8.080869913101196289e-01,6.420660018920898438e-01,1.511399984359741211e+00,6.620429754257202148e-01,8.387650251388549805e-01,1.198160052299499512e+00,1.132560014724731445e+00,2.034589946269989014e-01,2.067080020904541016e+00,1.617040038108825684e+00,1.362429976463317871e+00,1.293149948120117188e+00,1.158020019531250000e+00,3.573090136051177979e-01,9.498789906501770020e-01,6.180239915847778320e-01,5.534269809722900391e-01,1.209720015525817871e+00,5.939859747886657715e-01,9.303719997406005859e-01,1.343790054321289062e+00,9.318820238113403320e-01,1.531859993934631348e+00,4.699740111827850342e-01,1.147019982337951660e+00,6.934880018234252930e-01,5.729900002479553223e-01,5.188680291175842285e-01
8.893409967422485352e-01,6.608750224113464355e-01,7.531980276107788086e-01,2.368400096893310547e+00,1.071570038795471191e+00,8.886119723320007324e-01,3.294120073318481445e+00,5.312500000000000000e-01,2.143130064010620117e+00,1.289790034294128418e+00,3.167290091514587402e-01,4.654459953308105469e-01,6.118000149726867676e-01,5.990729928016662598e-01,3.359090089797973633e-01,6.587740182876586914e-01,7.074639797210693359e-01,8.328350186347961426e-01,1.157570004463195801e+00,6.749309897422790527e-01,5.535060167312622070e-01,6.187850236892700195e-01,5.868290066719055176e-01,1.204030036926269531e+00,4.331499934196472168e-01,6.885079741477966309e-01,0.000000000000000000e+00,8.777679800987243652e-01,0.000000000000000000e+00,1.922500014305114746e+00,1.216130018234252930e+00,1.290729999542236328e+00,1.088739991188049316e+00,1.058069944381713867e+00,3.289470076560974121e-01,8.266299962997436523e-01,5.739279985427856445e-01,5.125700235366821289e-01,1.083819985389709473e+00,3.034130036830902100e-01,9.007120132446289062e-01,1.542490005493164062e+00,8.411430120468139648e-01,1.287019968032836914e+00,3.323360085487365723e-01,9.173099994659423828e-01,6.272479891777038574e-01,4.117709994316101074e-01,7.048460245132446289e-01
9.557510018348693848e-01,6.816830039024353027e-01,6.353859901428222656e-01,2.332799911499023438e+00,1.046180009841918945e+00,7.952629923820495605e-01,2.358809947967529297e+00,4.807690083980560303e-01,2.123820066452026367e+00,1.261870026588439941e+00,3.640330135822296143e-01,5.564230084419250488e-01,6.438609957695007324e-01,6.210479736328125000e-01,3.958770036697387695e-01,5.417979955673217773e-01,6.787059903144836426e-01,7.934190034866333008e-01,1.031949996948242188e+00,6.439419984817504883e-01,4.420199990272521973e-01,8.578540086746215820e-01,6.269249916076660156e-01,1.272220015525817871e+00,6.182379722595214844e-01,7.203119993209838867e-01,1.367310047149658203e+00,9.458860158920288086e-01,2.812939882278442383e-01,1.802749991416931152e+00,1.397660017013549805e+00,1.164250016212463379e+00,8.659139871597290039e-01,1.021389961242675781e+00,3.763099908828735352e-01,8.548489809036254883e-01,5.452160239219665527e-01,6.104279756546020508e-01,1.083480000495910645e+00,6.732620000839233398e-01,8.678100109100341797e-01,1.423200011253356934e+00,7.834190130233764648e-01,1.298189997673034668e+00,3.847630023956298828e-01,8.947899937629699707e-01,5.165839791297912598e-01,3.841570019721984863e-01,7.625269889831542969e-01
1.039540052413940430e+00,5.623049736022949219e-01,6.379500031471252441e-01,1.962299942970275879e+00,9.500659704208374023e-01,7.091519832611083984e-01,2.255929946899414062e+00,3.643339872360229492e-01,2.081500053405761719e+00,1.332849979400634766e+00,5.053340196609497070e-01,4.852930009365081787e-01,5.434169769287109375e-01,6.124899983406066895e-01,3.582620024681091309e-01,5.644930005073547363e-01,8.388500213623046875e-01,7.791569828987121582e-01,1.144749999046325684e+00,4.892430007457733154e-01,4.345380067825317383e-01,6.240350008010864258e-01,5.773670077323913574e-01,1.367709994316101074e+00,6.127449870109558105e-01,6.509550213813781738e-01,8.573179841041564941e-01,1.170079946517944336e+00,1.442999988794326782e-01,1.658640027046203613e+00,1.272799968719482422e+00,4.798080027103424072e-01,9.815869927406311035e-01,9.931669831275939941e-01,4.546709954738616943e-01,7.181280255317687988e-01,5.128279924392700195e-01,4.370050132274627686e-01,9.815490245819091797e-01,2.702699899673461914e-01,8.186060190200805664e-01,1.466910004615783691e+00,7.615209817886352539e-01,1.195760011672973633e+00,3.984819948673248291e-01,7.523469924926757812e-01,4.432789981365203857e-01,3.967500030994415283e-01,3.796100020408630371e-01
9.824280142784118652e-01,5.191529989242553711e-01,5.350000262260437012e-01,1.846109986305236816e+00,8.624380230903625488e-01,7.801259756088256836e-01,2.320749998092651367e+00,4.966570138931274414e-01,2.143280029296875000e+00,1.362779974937438965e+00,5.554090142250061035e-01,3.342449963092803955e-01,5.887619853019714355e-01,6.238120198249816895e-01,3.652969896793365479e-01,5.639510154724121094e-01,8.560389876365661621e-01,7.401250004768371582e-01,9.510779976844787598e-01,5.388860106468200684e-01,4.081679880619049072e-01,6.456149816513061523e-01,5.168150067329406738e-01,1.364210009574890137e+00,3.149389922618865967e-01,6.591470241546630859e-01,1.395349979400634766e+00,1.021909952163696289e+00,1.319260001182556152e-01,1.807229995727539062e+00,1.350289940834045410e+00,4.675270020961761475e-01,1.028049945831298828e+00,1.094990015029907227e+00,3.986609876155853271e-01,5.718119740486145020e-01,5.017279982566833496e-01,5.451099872589111328e-01,9.238610267639160156e-01,4.124929904937744141e-01,9.483820199966430664e-01,1.263669967651367188e+00,6.941720247268676758e-01,1.218840003013610840e+00,4.622499942779541016e-01,7.322989702224731445e-01,4.545240104198455811e-01,3.912799954414367676e-01,5.586590170860290527e-01
1.129709959030151367e+00,5.337290167808532715e-01,6.699979901313781738e-01,1.793079972267150879e+00,8.220790028572082520e-01,8.019300103187561035e-01,2.144670009613037109e+00,6.042299866676330566e-01,2.298769950866699219e+00,1.536010026931762695e+00,6.404389739036560059e-01,4.057210087776184082e-01,6.279349923133850098e-01,5.831919908523559570e-01,4.644260108470916748e-01,7.098129987716674805e-01,9.015759825706481934e-01,7.660409808158874512e-01,9.752789735794067383e-01,5.610970258712768555e-01,4.139530062675476074e-01,5.718420147895812988e-01,6.167969703674316406e-01,1.557469964027404785e+00,4.665420055389404297e-01,7.049639821052551270e-01,1.143360018730163574e+00,1.099050045013427734e+00,1.061569973826408386e-01,1.930879950523376465e+00,1.327350020408630371e+00,5.419510006904602051e-01,1.036090016365051270e+00,9.645919799804687500e-01,4.852040112018585205e-01,5.988479852676391602e-01,5.236560106277465820e-01,7.134360074996948242e-01,1.007060050964355469e+00,2.832860052585601807e-01,9.155470132827758789e-01,1.398839950561523438e+00,8.461350202560424805e-01,1.221819996833801270e+00,2.855510115623474121e-01,6.672379970550537109e-01,4.848310053348541260e-01,4.165529906749725342e-01,9.474179744720458984e-01
1.203999996185302734e+00,5.071790218353271484e-01,6.995000243186950684e-01,1.803490042686462402e+00,8.106250166893005371e-01,8.455920219421386719e-01,2.292259931564331055e+00,5.460289716720581055e-01,2.295300006866455078e+00,1.574949979782104492e+00,8.280979990959167480e-01,3.626379966735839844e-01,8.065549731254577637e-01,6.334819793701171875e-01,3.539130091667175293e-01,6.307730078697204590e-01,9.089159965515136719e-01,7.554600238800048828e-01,9.961199760437011719e-01,5.375649929046630859e-01,3.928999900817871094e-01,5.167030096054077148e-01,5.906339883804321289e-01,2.015909910202026367e+00,3.012459874153137207e-01,7.493860125541687012e-01,9.566519856452941895e-01,9.141259789466857910e-01,2.120890021324157715e-01,1.906829953193664551e+00,1.208739995956420898e+00,6.408360004425048828e-01,9.789850115776062012e-01,9.977830052375793457e-01,4.248310029506683350e-01,6.085550189018249512e-01,5.530610084533691406e-01,3.724080026149749756e-01,1.231179952621459961e+00,2.988710105419158936e-01,8.852379918098449707e-01,1.651180028915405273e+00,8.008760213851928711e-01,1.271890044212341309e+00,3.154569864273071289e-01,8.030049800872802734e-01,6.050869822502136230e-01,3.746429979801177979e-01,4.934209883213043213e-01
1.541120052337646484e+00,7.809749841690063477e-01,8.048509955406188965e-01,1.883350014686584473e+00,9.908909797668457031e-01,9.389550089836120605e-01,2.319880008697509766e+00,6.752480268478393555e-01,2.362639904022216797e+00,2.226500034332275391e+00,7.514899969100952148e-01,5.817970037460327148e-01,7.519749999046325684e-01,7.570520043373107910e-01,7.272729873657226562e-01,6.833710074424743652e-01,1.048230051994323730e+00,8.268370032310485840e-01,1.089529991149902344e+00,6.580200195312500000e-01,4.478060007095336914e-01,5.865830183029174805e-01,6.417149901390075684e-01,2.536780118942260742e+00,4.619260132312774658e-01,7.850480079650878906e-01,1.055809974670410156e+00,8.584840297698974609e-01,5.434780120849609375e-01,1.868960022926330566e+00,1.795670032501220703e+00,4.561780095100402832e-01,1.001230001449584961e+00,9.330469965934753418e-01,7.834759950637817383e-01,6.940429806709289551e-01,4.877600073814392090e-01,5.187069773674011230e-01,8.773940205574035645e-01,3.086419999599456787e-01,1.176900029182434082e+00,1.662819981575012207e+00,7.327679991722106934e-01,1.340819954872131348e+00,3.227640092372894287e-01,7.697799801826477051e-01,5.727059841156005859e-01,5.007219910621643066e-01,7.518799901008605957e-01
2.019299983978271484e+00,8.882820010185241699e-01,1.023839950561523438e+00,1.910369992256164551e+00,1.087319970130920410e+00,9.573829770088195801e-01,2.383219957351684570e+00,7.372249960899353027e-01,2.687680006027221680e+00,3.272200107574462891e+00,7.205950021743774414e-01,4.148179888725280762e-01,8.329870104789733887e-01,1.005020022392272949e+00,4.457400143146514893e-01,9.401630163192749023e-01,1.210489988327026367e+00,7.618520259857177734e-01,1.173300027847290039e+00,4.912909865379333496e-01,3.868199884891510010e-01,5.265110135078430176e-01,7.120940089225769043e-01,3.266499996185302734e+00,3.273769915103912354e-01,9.675279855728149414e-01,1.487210035324096680e+00,1.111700057983398438e+00,0.000000000000000000e+00,1.777760028839111328e+00,2.247950077056884766e+00,4.852010011672973633e-01,1.027690052986145020e+00,1.066699981689453125e+00,5.035319924354553223e-01,7.078850269317626953e-01,5.861210227012634277e-01,6.191120147705078125e-01,1.585180044174194336e+00,3.131160140037536621e-01,1.754619956016540527e+00,2.106529951095581055e+00,7.962239980697631836e-01,1.509600043296813965e+00,4.361020028591156006e-01,7.435190081596374512e-01,4.741559922695159912e-01,3.934360146522521973e-01,6.141250133514404297e-01
2.881040096282958984e+00,1.219820022583007812e+00,1.026620030403137207e+00,2.072329998016357422e+00,1.464169979095458984e+00,9.323599934577941895e-01,2.724390029907226562e+00,6.225460171699523926e-01,3.550839900970458984e+00,3.618700027465820312e+00,7.333080172538757324e-01,5.805940032005310059e-01,1.091349959373474121e+00,1.268970012664794922e+00,5.048519968986511230e-01,1.446789979934692383e+00,1.875570058822631836e+00,8.687319755554199219e-01,1.244879961013793945e+00,6.359919905662536621e-01,4.667080044746398926e-01,5.159299969673156738e-01,6.465749740600585938e-01,3.379159927368164062e+00,5.239210128784179688e-01,1.176810026168823242e+00,1.057080030441284180e+00,1.353500008583068848e+00,9.970089793205261230e-02,2.076169967651367188e+00,2.659889936447143555e+00,4.099529981613159180e-01,1.021270036697387695e+00,1.318040013313293457e+00,6.054700016975402832e-01,7.732480168342590332e-01,5.797280073165893555e-01,5.526800155639648438e-01,2.114710092544555664e+00,4.078400135040283203e-01,2.060220003128051758e+00,2.629230022430419922e+00,1.004660010337829590e+00,1.772320032119750977e+00,3.083449900150299072e-01,8.997169733047485352e-01,6.126999855041503906e-01,6.696640253067016602e-01,1.373630046844482422e+00
2.918639898300170898e+00,1.972249984741210938e+00,7.182430028915405273e-01,2.308629989624023438e+00,1.697289943695068359e+00,1.025269985198974609e+00,3.187829971313476562e+00,6.974869966506958008e-01,3.725219964981079102e+00,3.388540029525756836e+00,6.756759881973266602e-01,6.943669915199279785e-01,1.333770036697387695e+00,1.316789984703063965e+00,7.052729725837707520e-01,1.778910040855407715e+00,2.222609996795654297e+00,8.192880153656005859e-01,1.368420004844665527e+00,4.676379859447479248e-01,6.000450253486633301e-01,5.788800120353698730e-01,1.083220005035400391e+00,3.468539953231811523e+00,5.409150123596191406e-01,1.278380036354064941e+00,1.162789940834045410e+00,1.629369974136352539e+00,3.144649863243103027e-01,1.906260013580322266e+00,2.659889936447143555e+00,4.374450147151947021e-01,1.011219978332519531e+00,1.476199984550476074e+00,1.225289940834045410e+00,7.144839763641357422e-01,6.430060267448425293e-01,5.991290211677551270e-01,2.303169965744018555e+00,3.046990036964416504e-01,2.138279914855957031e+00,3.874850034713745117e+00,1.095559954643249512e+00,2.096659898757934570e+00,2.113759964704513550e-01,1.109969973564147949e+00,5.895950198173522949e-01,1.691540002822875977e+00,1.531620025634765625e+00
2.669420003890991211e+00,1.880190014839172363e+00,7.187010049819946289e-01,2.489650011062622070e+00,1.900339961051940918e+00,1.275619983673095703e+00,4.412819862365722656e+00,7.912359833717346191e-01,3.521169900894165039e+00,2.988869905471801758e+00,1.076660037040710449e+00,8.178579807281494141e-01,1.322160005569458008e+00,1.399029970169067383e+00,8.333330154418945312e-01,1.714249968528747559e+00,1.978209972381591797e+00,9.669370055198669434e-01,1.621060013771057129e+00,5.440409779548645020e-01,7.565950155258178711e-01,5.441219806671142578e-01,1.421820044517517090e+00,2.723550081253051758e+00,6.220840215682983398e-01,1.557410001754760742e+00,1.740869998931884766e+00,1.976670026779174805e+00,5.291010141372680664e-01,2.400259971618652344e+00,2.953639984130859375e+00,6.972020268440246582e-01,1.049239993095397949e+00,1.769260048866271973e+00,1.194319963455200195e+00,8.662319779396057129e-01,8.328019976615905762e-01,4.873369932174682617e-01,1.995800018310546875e+00,4.610660076141357422e-01,1.872820019721984863e+00,3.918200016021728516e+00,1.210240006446838379e+00,2.282819986343383789e+00,5.162240266799926758e-01,1.330229997634887695e+00,7.167029976844787598e-01,1.930390000343322754e+00,2.509979963302612305e+00
2.454250097274780273e+00,1.817589998245239258e+00,7.021880149841308594e-01,2.386650085449218750e+00,1.766739964485168457e+00,1.374930024147033691e+00,4.606999874114990234e+00,8.504199981689453125e-01,3.180469989776611328e+00,3.064209938049316406e+00,5.229939818382263184e-01,7.659260034561157227e-01,1.393949985504150391e+00,1.256629943847656250e+00,6.206539869308471680e-01,1.507230043411254883e+00,1.810209989547729492e+00,1.035879969596862793e+00,1.623669981956481934e+00,6.846640110015869141e-01,8.559989929199218750e-01,6.717119812965393066e-01,1.310349941253662109e+00,2.613749980926513672e+00,6.071119904518127441e-01,1.692819952964782715e+00,2.221580028533935547e+00,1.689820051193237305e+00,3.659650087356567383e-01,2.563070058822631836e+00,2.641530036926269531e+00,6.238530278205871582e-01,1.284669995307922363e+00,1.757680058479309082e+00,1.359459996223449707e+00,9.543830156326293945e-01,9.443600177764892578e-01,5.604230165481567383e-01,2.312200069427490234e+00,4.540300071239471436e-01,1.892079949378967285e+00,3.152719974517822266e+00,1.180680036544799805e+00,2.368079900741577148e+00,1.733770072460174561e-01,1.259870052337646484e+00,9.962329864501953125e-01,1.653360009193420410e+00,2.946269989013671875e+00
2.296499967575073242e+00,1.627619981765747070e+00,7.136780023574829102e-01,2.440690040588378906e+00,1.864410042762756348e+00,1.715129971504211426e+00,5.186789989471435547e+00,1.084710001945495605e+00,3.251970052719116211e+00,3.302799940109252930e+00,8.963789939880371094e-01,9.394680261611938477e-01,1.512390017509460449e+00,1.551229953765869141e+00,6.359300017356872559e-01,1.550879955291748047e+00,1.796759963035583496e+00,1.203819990158081055e+00,1.858489990234375000e+00,7.774800062179565430e-01,9.329659938812255859e-01,8.781189918518066406e-01,1.244140028953552246e+00,2.958960056304931641e+00,6.424300074577331543e-01,1.800349950790405273e+00,2.045660018920898438e+00,1.485530018806457520e+00,7.739940285682678223e-01,2.949739933013916016e+00,2.980439901351928711e+00,5.241379737854003906e-01,1.599339962005615234e+00,1.974560022354125977e+00,1.233950018882751465e+00,9.919700026512145996e-01,1.119230031967163086e+00,1.162879943847656250e+00,2.144670009613037109e+00,8.668869733810424805e-01,1.858919978141784668e+00,2.326539993286132812e+00,1.097059965133666992e+00,2.452990055084228516e+00,5.383579730987548828e-01,1.290009975433349609e+00,1.216249942779541016e+00,1.895570039749145508e+00,8.001830101013183594e+00
2.273809909820556641e+00,1.574190020561218262e+00,5.863159894943237305e-01,2.483959913253784180e+00,2.089879989624023438e+00,1.693639993667602539e+00,4.623320102691650391e+00,8.523669838905334473e-01,3.455679893493652344e+00,3.558480024337768555e+00,6.403419971466064453e-01,7.219870090484619141e-01,1.425959944725036621e+00,1.436360001564025879e+00,5.411189794540405273e-01,1.679600000381469727e+00,1.689919948577880859e+00,1.286800026893615723e+00,1.864349961280822754e+00,8.949469923973083496e-01,1.072939991950988770e+00,8.459479808807373047e-01,1.129959940910339355e+00,2.572550058364868164e+00,8.057299852371215820e-01,1.620869994163513184e+00,1.507730007171630859e+00,1.695129990577697754e+00,5.505849719047546387e-01,3.434629917144775391e+00,3.021450042724609375e+00,7.082999944686889648e-01,1.573480010032653809e+00,1.846150040626525879e+00,1.649829983711242676e+00,1.122040033340454102e+00,1.057880043983459473e+00,1.031849980354309082e+00,2.186539888381958008e+00,7.254999876022338867e-01,2.047470092773437500e+00,2.697129964828491211e+00,1.153200030326843262e+00,2.478189945220947266e+00,6.630269885063171387e-01,1.370659947395324707e+00,1.247390031814575195e+00,1.501549959182739258e+00,2.588330030441284180e+00
2.385999917984008789e+00,1.554600000381469727e+00,1.935279965400695801e+00,2.803400039672851562e+00,2.103620052337646484e+00,1.798900008201599121e+00,4.029260158538818359e+00,9.759529829025268555e-01,3.907490015029907227e+00,3.369149923324584961e+00,6.182379722595214844e-01,9.137750267982482910e-01,1.450230002403259277e+00,1.664579987525939941e+00,8.130080103874206543e-01,1.384719967842102051e+00,2.330670118331909180e+00,1.345890045166015625e+00,2.384180068969726562e+00,7.564299702644348145e-01,1.012869954109191895e+00,7.292540073394775391e-01,1.298750042915344238e+00,3.007620096206665039e+00,6.646969914436340332e-01,1.614809989929199219e+00,7.722010016441345215e-01,1.840399980545043945e+00,3.321880102157592773e-01,3.192399978637695312e+00,3.266760110855102539e+00,1.762740015983581543e+00,1.612959980964660645e+00,1.763280034065246582e+00,8.953490257263183594e-01,1.122009992599487305e+00,1.078989982604980469e+00,1.056210041046142578e+00,2.402679920196533203e+00,8.077149987220764160e-01,2.207000017166137695e+00,3.465790033340454102e+00,1.214879989624023438e+00,2.618940114974975586e+00,5.978819727897644043e-01,1.052649974822998047e+00,1.165169954299926758e+00,1.952700018882751465e+00,3.145940065383911133e+00
2.468349933624267578e+00,1.872320055961608887e+00,1.834720015525817871e+00,2.681329965591430664e+00,2.367110013961791992e+00,1.617699980735778809e+00,4.182069778442382812e+00,9.097800254821777344e-01,4.049129962921142578e+00,3.661959886550903320e+00,1.254080057144165039e+00,8.507350087165832520e-01,1.548949956893920898e+00,1.741999983787536621e+00,8.837209939956665039e-01,1.385759949684143066e+00,2.476389884948730469e+00,1.292410016059875488e+00,2.371419906616210938e+00,9.962319731712341309e-01,1.078549981117248535e+00,9.275010228157043457e-01,1.385779976844787598e+00,3.054990053176879883e+00,6.636829972267150879e-01,1.743759989738464355e+00,1.789710044860839844e+00,2.007649898529052734e+00,3.480280041694641113e-01,3.598839998245239258e+00,3.307100057601928711e+00,1.859009981155395508e+00,1.531010031700134277e+00,2.039540052413940430e+00,8.700590133666992188e-01,1.161100029945373535e+00,9.970930218696594238e-01,1.008020043373107910e+00,2.477159976959228516e+00,5.633109807968139648e-01,2.157320022583007812e+00,3.479860067367553711e+00,1.089020013809204102e+00,2.753989934921264648e+00,6.330090165138244629e-01,1.002140045166015625e+00,1.202010035514831543e+00,1.614850044250488281e+00,3.528019905090332031e+00
2.803410053253173828e+00,2.322020053863525391e+00,1.827659964561462402e+00,3.203399896621704102e+00,2.654109954833984375e+00,1.695829987525939941e+00,4.979410171508789062e+00,9.698939919471740723e-01,4.373310089111328125e+00,3.690920114517211914e+00,1.023659944534301758e+00,8.405879735946655273e-01,1.471070051193237305e+00,1.824929952621459961e+00,1.011479973793029785e+00,1.485370039939880371e+00,2.914740085601806641e+00,1.475209951400756836e+00,2.507999897003173828e+00,7.308710217475891113e-01,1.169540047645568848e+00,9.539499878883361816e-01,1.224460005760192871e+00,3.276779890060424805e+00,7.360370159149169922e-01,1.809440016746520996e+00,1.710010051727294922e+00,2.094929933547973633e+00,4.324960112571716309e-01,3.572649955749511719e+00,3.745399951934814453e+00,2.039020061492919922e+00,1.572849988937377930e+00,2.196979999542236328e+00,1.243070006370544434e+00,1.073740005493164062e+00,1.221570014953613281e+00,1.025879979133605957e+00,2.689340114593505859e+00,6.882870197296142578e-01,2.076869964599609375e+00,3.997970104217529297e+00,1.246459960937500000e+00,2.956279993057250977e+00,8.580340147018432617e-01,1.026780009269714355e+00,1.212200045585632324e+00,1.413349986076354980e+00,5.038269996643066406e+00
3.167109966278076172e+00,2.082410097122192383e+00,1.893869996070861816e+00,3.351720094680786133e+00,2.580800056457519531e+00,1.882140040397644043e+00,5.066500186920166016e+00,9.059069752693176270e-01,4.752200126647949219e+00,3.976710081100463867e+00,9.057970046997070312e-01,7.712079882621765137e-01,1.867220044136047363e+00,1.835109949111938477e+00,1.060789942741394043e+00,1.687950015068054199e+00,3.331759929656982422e+00,1.422610044479370117e+00,2.761879920959472656e+00,9.117730259895324707e-01,1.261700034141540527e+00,8.619520068168640137e-01,1.570749998092651367e+00,4.034150123596191406e+00,6.572769880294799805e-01,2.019789934158325195e+00,2.119240045547485352e+00,2.268199920654296875e+00,4.462749958038330078e-01,3.631069898605346680e+00,3.869580030441284180e+00,2.194220066070556641e+00,1.692520022392272949e+00,2.216989994049072266e+00,1.429730057716369629e+00,1.165590047836303711e+00,1.220549941062927246e+00,1.121590018272399902e+00,3.021140098571777344e+00,9.983980059623718262e-01,2.186229944229125977e+00,4.290369987487792969e+00,1.167520046234130859e+00,3.171119928359985352e+00,7.480130195617675781e-01,9.567710161209106445e-01,1.211269974708557129e+00,1.773489952087402344e+00,4.682690143585205078e+00
3.652080059051513672e+00,2.564280033111572266e+00,2.234800100326538086e+00,3.861249923706054688e+00,3.107110023498535156e+00,2.067980051040649414e+00,5.206270217895507812e+00,1.093230009078979492e+00,5.050290107727050781e+00,4.318109989166259766e+00,1.119079947471618652e+00,1.132940053939819336e+00,2.049170017242431641e+00,1.778579950332641602e+00,1.077229976654052734e+00,1.930029988288879395e+00,3.886899948120117188e+00,1.721169948577880859e+00,2.893660068511962891e+00,8.507400155067443848e-01,1.233800053596496582e+00,9.393240213394165039e-01,1.397889971733093262e+00,4.475230216979980469e+00,5.661600232124328613e-01,2.167309999465942383e+00,2.094969987869262695e+00,2.469449996948242188e+00,5.144259929656982422e-01,3.676239967346191406e+00,4.736909866333007812e+00,2.278219938278198242e+00,1.707970023155212402e+00,2.124340057373046875e+00,1.894930005073547363e+00,1.208189964294433594e+00,1.361590027809143066e+00,1.184219956398010254e+00,3.674499988555908203e+00,7.737699747085571289e-01,2.594870090484619141e+00,4.628650188446044922e+00,1.564120054244995117e+00,3.268389940261840820e+00,7.629789710044860840e-01,1.180060029029846191e+00,1.468979954719543457e+00,1.756450057029724121e+00,5.063729763031005859e+00
4.936389923095703125e+00,3.115469932556152344e+00,2.614830017089843750e+00,4.231239795684814453e+00,3.661390066146850586e+00,2.373090028762817383e+00,5.923299789428710938e+00,1.033100008964538574e+00,5.444200038909912109e+00,5.255770206451416016e+00,1.259279966354370117e+00,9.720289707183837891e-01,2.392060041427612305e+00,2.154419898986816406e+00,1.295390009880065918e+00,2.364109992980957031e+00,5.988770008087158203e+00,1.854249954223632812e+00,3.248460054397583008e+00,9.181180000305175781e-01,1.396340012550354004e+00,1.064380049705505371e+00,1.635679960250854492e+00,5.388339996337890625e+00,9.181699752807617188e-01,2.739089965820312500e+00,2.826149940490722656e+00,2.767080068588256836e+00,5.630239844322204590e-01,4.513130187988281250e+00,4.740439891815185547e+00,2.653029918670654297e+00,1.967519998550415039e+00,2.356750011444091797e+00,1.779500007629394531e+00,1.153530001640319824e+00,1.425379991531372070e+00,1.342000007629394531e+00,5.303510189056396484e+00,7.342140078544616699e-01,3.608920097351074219e+00,5.668900012969970703e+00,2.147099971771240234e+00,3.447060108184814453e+00,1.041990041732788086e+00,1.303159952163696289e+00,1.287089943885803223e+00,1.821259975433349609e+00,4.248569965362548828e+00
5.330100059509277344e+00,3.294430017471313477e+00,2.812079906463623047e+00,4.642869949340820312e+00,4.511310100555419922e+00,2.662529945373535156e+00,5.048500061035156250e+00,1.117249965667724609e+00,5.491409778594970703e+00,5.356309890747070312e+00,2.368979930877685547e+00,1.241129994392395020e+00,2.726739883422851562e+00,2.500129938125610352e+00,1.513520002365112305e+00,2.530240058898925781e+00,7.133190155029296875e+00,2.051820039749145508e+00,3.477610111236572266e+00,1.207080006599426270e+00,1.604300022125244141e+00,1.047709941864013672e+00,1.621209979057312012e+00,6.097559928894042969e+00,9.255110025405883789e-01,2.964050054550170898e+00,3.067970037460327148e+00,2.712409973144531250e+00,7.304040193557739258e-01,4.289539813995361328e+00,4.660590171813964844e+00,3.211570024490356445e+00,2.215939998626708984e+00,2.613369941711425781e+00,1.294759988784790039e+00,1.363739967346191406e+00,1.607599973678588867e+00,1.199489951133728027e+00,6.028500080108642578e+00,7.038829922676086426e-01,3.887300014495849609e+00,6.370800018310546875e+00,2.470520019531250000e+00,3.710969924926757812e+00,9.388149976730346680e-01,1.413409948348999023e+00,1.534360051155090332e+00,2.015929937362670898e+00,5.540249824523925781e+00
5.141560077667236328e+00,3.340830087661743164e+00,2.748300075531005859e+00,5.225900173187255859e+00,5.013599872589111328e+00,2.956870079040527344e+00,5.422890186309814453e+00,1.131579995155334473e+00,5.357110023498535156e+00,5.362780094146728516e+00,2.695120096206665039e+00,1.535709977149963379e+00,2.928980112075805664e+00,2.645550012588500977e+00,1.787459969520568848e+00,2.877370119094848633e+00,7.943580150604248047e+00,2.518090009689331055e+00,3.586359977722167969e+00,1.595950007438659668e+00,1.799110054969787598e+00,1.329679965972900391e+00,1.847669959068298340e+00,5.958429813385009766e+00,1.158040046691894531e+00,3.332400083541870117e+00,3.198359966278076172e+00,3.189039945602416992e+00,7.627859711647033691e-01,4.515490055084228516e+00,5.324250221252441406e+00,3.214610099792480469e+00,2.364629983901977539e+00,3.160809993743896484e+00,1.999250054359436035e+00,1.363870024681091309e+00,1.806429982185363770e+00,1.191699981689453125e+00,6.865540027618408203e+00,1.078719973564147949e+00,3.947740077972412109e+00,6.506120204925537109e+00,2.945009946823120117e+00,3.811660051345825195e+00,1.074880003929138184e+00,1.893409967422485352e+00,1.776340007781982422e+00,2.189419984817504883e+00,6.483469963073730469e+00
5.164249897003173828e+00,3.387850046157836914e+00,3.187839984893798828e+00,5.546730041503906250e+00,5.011960029602050781e+00,3.172539949417114258e+00,4.933370113372802734e+00,1.050459980964660645e+00,5.002150058746337891e+00,5.254300117492675781e+00,2.212100028991699219e+00,1.801270008087158203e+00,3.020159959793090820e+00,3.063839912414550781e+00,1.970729947090148926e+00,3.086699962615966797e+00,7.629059791564941406e+00,2.723200082778930664e+00,3.651000022888183594e+00,1.654659986495971680e+00,1.988340020179748535e+00,1.230819940567016602e+00,2.156229972839355469e+00,5.276269912719726562e+00,7.946029901504516602e-01,4.008419990539550781e+00,3.328890085220336914e+00,3.128900051116943359e+00,1.127150058746337891e+00,5.164390087127685547e+00,5.872010231018066406e+00,3.413690090179443359e+00,2.510129928588867188e+00,3.565809965133666992e+00,2.629230022430419922e+00,1.489310026168823242e+00,2.098550081253051758e+00,1.634029984474182129e+00,7.301959991455078125e+00,8.493310213088989258e-01,4.907229900360107422e+00,5.950970172882080078e+00,2.669830083847045898e+00,3.953419923782348633e+00,1.176910042762756348e+00,2.017159938812255859e+00,2.071010112762451172e+00,2.453210115432739258e+00,5.359250068664550781e+00
6.381440162658691406e+00,3.496419906616210938e+00,3.554029941558837891e+00,5.800240039825439453e+00,5.767409801483154297e+00,2.860869884490966797e+00,5.927179813385009766e+00,1.282889962196350098e+00,5.260670185089111328e+00,5.744060039520263672e+00,2.120369911193847656e+00,2.224570035934448242e+00,3.088390111923217773e+00,3.334199905395507812e+00,2.290750026702880859e+00,3.218080043792724609e+00,8.844940185546875000e+00,3.066099882125854492e+00,3.976639986038208008e+00,1.540709972381591797e+00,2.136029958724975586e+00,1.324609994888305664e+00,2.266340017318725586e+00,6.575489997863769531e+00,1.169929981231689453e+00,4.729129791259765625e+00,3.287590026855468750e+00,3.389529943466186523e+00,1.847110033035278320e+00,5.730080127716064453e+00,7.431499958038330078e+00,4.185579776763916016e+00,2.482700109481811523e+00,3.703520059585571289e+00,2.558089971542358398e+00,1.637230038642883301e+00,2.121320009231567383e+00,1.839190006256103516e+00,9.091170310974121094e+00,1.289549946784973145e+00,5.674139976501464844e+00,6.282090187072753906e+00,3.124099969863891602e+00,4.492189884185791016e+00,1.338539958000183105e+00,2.433949947357177734e+00,2.053179979324340820e+00,2.454109907150268555e+00,6.351309776306152344e+00
8.492569923400878906e+00,4.098680019378662109e+00,4.668119907379150391e+00,6.333539962768554688e+00,6.854959964752197266e+00,3.361180067062377930e+00,6.217810153961181641e+00,1.656180024147033691e+00,5.902080059051513672e+00,7.555069923400878906e+00,2.966330051422119141e+00,2.776149988174438477e+00,3.232460021972656250e+00,3.675620079040527344e+00,2.649749994277954102e+00,4.065750122070312500e+00,1.150959968566894531e+01,3.909090042114257812e+00,4.218170166015625000e+00,1.964789986610412598e+00,2.926009893417358398e+00,1.592239975929260254e+00,2.668009996414184570e+00,7.800320148468017578e+00,1.626610040664672852e+00,6.136919975280761719e+00,5.051080226898193359e+00,4.044290065765380859e+00,2.484210014343261719e+00,6.741449832916259766e+00,9.481530189514160156e+00,4.965670108795166016e+00,3.082700014114379883e+00,4.125080108642578125e+00,2.832839965820312500e+00,1.747110009193420410e+00,2.846529960632324219e+00,2.520590066909790039e+00,1.273869991302490234e+01,1.238039970397949219e+00,7.191639900207519531e+00,7.157259941101074219e+00,3.482470035552978516e+00,5.535039901733398438e+00,1.126909971237182617e+00,2.814349889755249023e+00,2.366849899291992188e+00,2.695329904556274414e+00,7.398200035095214844e+00
9.828439712524414062e+00,4.909359931945800781e+00,5.905340194702148438e+00,7.323500156402587891e+00,7.829959869384765625e+00,3.830169916152954102e+00,6.972350120544433594e+00,2.112060070037841797e+00,6.442649841308593750e+00,1.019610023498535156e+01,3.074429988861083984e+00,4.688230037689208984e+00,3.752059936523437500e+00,3.998260021209716797e+00,2.749690055847167969e+00,4.924069881439208984e+00,1.425479984283447266e+01,5.036620140075683594e+00,5.490310192108154297e+00,2.959899902343750000e+00,3.737509965896606445e+00,1.679010033607482910e+00,2.802469968795776367e+00,9.809100151062011719e+00,2.436229944229125977e+00,7.887209892272949219e+00,7.575310230255126953e+00,4.574299812316894531e+00,3.637710094451904297e+00,8.048999786376953125e+00,1.232349967956542969e+01,5.635729789733886719e+00,3.535200119018554688e+00,5.249010086059570312e+00,2.147160053253173828e+00,1.993039965629577637e+00,3.322149991989135742e+00,3.245029926300048828e+00,1.647800064086914062e+01,2.114340066909790039e+00,1.173859977722167969e+01,8.265910148620605469e+00,3.826220035552978516e+00,6.881849765777587891e+00,1.351349949836730957e+00,3.621000051498413086e+00,2.873939990997314453e+00,3.209840059280395508e+00,8.077599525451660156e+00
1.010999965667724609e+01,5.879179954528808594e+00,5.919720172882080078e+00,7.780550003051757812e+00,8.429289817810058594e+00,4.996590137481689453e+00,7.660830020904541016e+00,2.649650096893310547e+00,6.882589817047119141e+00,1.106019973754882812e+01,2.983930110931396484e+00,6.148429870605468750e+00,4.165880203247070312e+00,4.664509773254394531e+00,3.641940116882324219e+00,5.710649967193603516e+00,1.357759952545166016e+01,6.447750091552734375e+00,6.465970039367675781e+00,3.451610088348388672e+00,4.879230022430419922e+00,2.125230073928833008e+00,2.952470064163208008e+00,9.262619972229003906e+00,4.267300128936767578e+00,8.652919769287109375e+00,7.283870220184326172e+00,5.496940135955810547e+00,4.142010211944580078e+00,8.821069717407226562e+00,1.335750007629394531e+01,5.623310089111328125e+00,4.234519958496093750e+00,6.743720054626464844e+00,2.586159944534301758e+00,2.321150064468383789e+00,4.150229930877685547e+00,3.561280012130737305e+00,1.932839965820312500e+01,2.891390085220336914e+00,1.340470027923583984e+01,7.378729820251464844e+00,4.907710075378417969e+00,7.749499797821044922e+00,1.970780014991760254e+00,3.918590068817138672e+00,3.386090040206909180e+00,4.329500198364257812e+00,1.012220001220703125e+01
8.124529838562011719e+00,4.776480197906494141e+00,5.229259967803955078e+00,6.961140155792236328e+00,7.024050235748291016e+00,3.963929891586303711e+00,6.233520030975341797e+00,2.545700073242187500e+00,6.228660106658935547e+00,8.229900360107421875e+00,3.164380073547363281e+00,4.931759834289550781e+00,3.480380058288574219e+00,3.990089893341064453e+00,3.074650049209594727e+00,4.651639938354492188e+00,1.067409992218017578e+01,5.186260223388671875e+00,4.995810031890869141e+00,2.988950014114379883e+00,3.932640075683593750e+00,1.400920033454895020e+00,2.752449989318847656e+00,7.234179973602294922e+00,3.889859914779663086e+00,6.514470100402832031e+00,6.498710155487060547e+00,4.975800037384033203e+00,2.998529911041259766e+00,7.629489898681640625e+00,1.138549995422363281e+01,4.587689876556396484e+00,3.522569894790649414e+00,5.045869827270507812e+00,3.646389961242675781e+00,2.066629886627197266e+00,3.375200033187866211e+00,3.092989921569824219e+00,1.186540031433105469e+01,2.249870061874389648e+00,1.112979984283447266e+01,7.339910030364990234e+00,3.474450111389160156e+00,6.017920017242431641e+00,1.562010049819946289e+00,3.460020065307617188e+00,3.040110111236572266e+00,3.679219961166381836e+00,8.994520187377929688e+00
6.127639770507812500e+00,4.273920059204101562e+00,4.070539951324462891e+00,5.498469829559326172e+00,5.710649967193603516e+00,3.364300012588500977e+00,5.965760231018066406e+00,1.718060016632080078e+00,5.293590068817138672e+00,7.012829780578613281e+00,2.648339986801147461e+00,3.870460033416748047e+00,2.604820013046264648e+00,3.338599920272827148e+00,2.365020036697387695e+00,4.277830123901367188e+00,7.837900161743164062e+00,4.464190006256103516e+00,4.154469966888427734e+00,2.637409925460815430e+00,3.198770046234130859e+00,1.700530052185058594e+00,2.584789991378784180e+00,5.930669784545898438e+00,3.006829977035522461e+00,4.459630012512207031e+00,5.603740215301513672e+00,4.459730148315429688e+00,3.080219984054565430e+00,6.492410182952880859e+00,8.286080360412597656e+00,3.736860036849975586e+00,2.545039892196655273e+00,4.381979942321777344e+00,2.390810012817382812e+00,1.800220012664794922e+00,2.719559907913208008e+00,2.593060016632080078e+00,8.265830039978027344e+00,1.450420022010803223e+00,9.404399871826171875e+00,5.744150161743164062e+00,2.789259910583496094e+00,5.001100063323974609e+00,1.630620002746582031e+00,2.642080068588256836e+00,2.901809930801391602e+00,3.328190088272094727e+00,8.669949531555175781e+00
5.307370185852050781e+00,5.242650032043457031e+00,4.033329963684082031e+00,5.069250106811523438e+00,5.194059848785400391e+00,3.222609996795654297e+00,4.915639877319335938e+00,1.499349951744079590e+00,4.887839794158935547e+00,6.281799793243408203e+00,1.904139995574951172e+00,3.098289966583251953e+00,2.302249908447265625e+00,3.173680067062377930e+00,1.984869956970214844e+00,4.009329795837402344e+00,6.183750152587890625e+00,3.887500047683715820e+00,3.555079936981201172e+00,2.854569911956787109e+00,2.952359914779663086e+00,1.775830030441284180e+00,2.176650047302246094e+00,5.145410060882568359e+00,2.908659934997558594e+00,3.726989984512329102e+00,6.175300121307373047e+00,3.798890113830566406e+00,2.963949918746948242e+00,5.563829898834228516e+00,7.540999889373779297e+00,3.667109966278076172e+00,2.246340036392211914e+00,4.528240203857421875e+00,2.143549919128417969e+00,1.543370008468627930e+00,2.219540119171142578e+00,2.372740030288696289e+00,6.884980201721191406e+00,9.318670034408569336e-01,7.750309944152832031e+00,6.452879905700683594e+00,2.806149959564208984e+00,4.607649803161621094e+00,1.309759974479675293e+00,2.734450101852416992e+00,2.174860000610351562e+00,4.016650199890136719e+00,5.673250198364257812e+00
4.686649799346923828e+00,5.109149932861328125e+00,3.741800069808959961e+00,4.382339954376220703e+00,5.148019790649414062e+00,3.076889991760253906e+00,6.542290210723876953e+00,1.364650011062622070e+00,4.944729804992675781e+00,6.749589920043945312e+00,2.577620029449462891e+00,2.614379882812500000e+00,2.015609979629516602e+00,3.337539911270141602e+00,2.319570064544677734e+00,3.762109994888305664e+00,5.696400165557861328e+00,3.755419969558715820e+00,3.096640110015869141e+00,2.520539999008178711e+00,3.313420057296752930e+00,2.314079999923706055e+00,1.971529960632324219e+00,5.043789863586425781e+00,2.391499996185302734e+00,3.808619976043701172e+00,5.494840145111083984e+00,3.891599893569946289e+00,2.541599988937377930e+00,5.188109874725341797e+00,8.247719764709472656e+00,3.319659948348999023e+00,1.689560055732727051e+00,4.677149772644042969e+00,3.780139923095703125e+00,1.380779981613159180e+00,2.073509931564331055e+00,2.614269971847534180e+00,7.172399997711181641e+00,1.508309960365295410e+00,5.375080108642578125e+00,7.417850017547607422e+00,2.451849937438964844e+00,4.539450168609619141e+00,1.160050034523010254e+00,2.590070009231567383e+00,2.022249937057495117e+00,3.465280055999755859e+00,8.612589836120605469e+00
4.410659790039062500e+00,6.058249950408935547e+00,3.364599943161010742e+00,4.260479927062988281e+00,5.051970005035400391e+00,3.042520046234130859e+00,6.981410026550292969e+00,1.330960035324096680e+00,4.962019920349121094e+00,6.282519817352294922e+00,3.747159957885742188e+00,3.299740076065063477e+00,2.304179906845092773e+00,3.686880111694335938e+00,2.988549947738647461e+00,3.755810022354125977e+00,5.197100162506103516e+00,4.243730068206787109e+00,3.109879970550537109e+00,2.769540071487426758e+00,3.725739955902099609e+00,2.622920036315917969e+00,2.408289909362792969e+00,5.080870151519775391e+00,2.270050048828125000e+00,3.426359891891479492e+00,5.794179916381835938e+00,4.902190208435058594e+00,2.864039897918701172e+00,5.785689830780029297e+00,8.262319564819335938e+00,2.913150072097778320e+00,2.409579992294311523e+00,5.073019981384277344e+00,5.497859954833984375e+00,2.224240064620971680e+00,2.123709917068481445e+00,3.326780080795288086e+00,6.270299911499023438e+00,1.360069990158081055e+00,4.219610214233398438e+00,8.582429885864257812e+00,2.340300083160400391e+00,4.330339908599853516e+00,2.146719932556152344e+00,2.324820041656494141e+00,2.453439950942993164e+00,3.769370079040527344e+00,9.264880180358886719e+00
4.691070079803466797e+00,6.121250152587890625e+00,3.030580043792724609e+00,4.063980102539062500e+00,4.905069828033447266e+00,3.068909883499145508e+00,7.911680221557617188e+00,1.299139976501464844e+00,5.086040019989013672e+00,6.098000049591064453e+00,3.630889892578125000e+00,2.961620092391967773e+00,2.645869970321655273e+00,3.948029994964599609e+00,3.263570070266723633e+00,4.456319808959960938e+00,5.162740230560302734e+00,4.550439834594726562e+00,3.456909894943237305e+00,3.207730054855346680e+00,4.807509899139404297e+00,2.515690088272094727e+00,2.783159971237182617e+00,4.949429988861083984e+00,2.876840114593505859e+00,3.553100109100341797e+00,6.035280227661132812e+00,5.998819828033447266e+00,2.795860052108764648e+00,5.809599876403808594e+00,8.557809829711914062e+00,2.470190048217773438e+00,2.266550064086914062e+00,6.714079856872558594e+00,5.870120048522949219e+00,2.365570068359375000e+00,2.253390073776245117e+00,3.714760065078735352e+00,5.996310234069824219e+00,1.950629949569702148e+00,5.147620201110839844e+00,7.464879989624023438e+00,1.948119997978210449e+00,4.572470188140869141e+00,1.458490014076232910e+00,2.097510099411010742e+00,2.565949916839599609e+00,4.444839954376220703e+00,9.841270446777343750e+00
4.311309814453125000e+00,6.403520107269287109e+00,2.952759981155395508e+00,4.290070056915283203e+00,4.589089870452880859e+00,3.011749982833862305e+00,8.786669731140136719e+00,1.351549983024597168e+00,4.634369850158691406e+00,5.209449768066406250e+00,4.056879997253417969e+00,3.507930040359497070e+00,2.705389976501464844e+00,3.940920114517211914e+00,3.206650018692016602e+00,4.705699920654296875e+00,4.646329879760742188e+00,4.494490146636962891e+00,3.663919925689697266e+00,3.267539978027343750e+00,5.441050052642822266e+00,2.394129991531372070e+00,3.107559919357299805e+00,4.757939815521240234e+00,2.022229909896850586e+00,3.343770027160644531e+00,4.969329833984375000e+00,6.146140098571777344e+00,2.767189979553222656e+00,5.209619998931884766e+00,8.096969604492187500e+00,2.853329896926879883e+00,2.342780113220214844e+00,7.343190193176269531e+00,5.617760181427001953e+00,2.513050079345703125e+00,2.282779932022094727e+00,3.365109920501708984e+00,5.620009899139404297e+00,2.153589963912963867e+00,5.237629890441894531e+00,6.310910224914550781e+00,2.200700044631958008e+00,4.852700233459472656e+00,1.091150045394897461e+00,2.079580068588256836e+00,2.638900041580200195e+00,4.032310009002685547e+00,9.958259582519531250e+00
3.967710018157958984e+00,6.180480003356933594e+00,2.986730098724365234e+00,4.478919982910156250e+00,4.304039955139160156e+00,2.945940017700195312e+00,8.906399726867675781e+00,1.954650044441223145e+00,4.478219985961914062e+00,4.686329841613769531e+00,5.107970237731933594e+00,3.772710084915161133e+00,3.058820009231567383e+00,3.719049930572509766e+00,3.593689918518066406e+00,4.603400230407714844e+00,4.414470195770263672e+00,4.626679897308349609e+00,3.763159990310668945e+00,3.407870054244995117e+00,5.998280048370361328e+00,2.127660036087036133e+00,3.278259992599487305e+00,5.507430076599121094e+00,1.871230006217956543e+00,3.344850063323974609e+00,5.306250095367431641e+00,7.768449783325195312e+00,2.646929979324340820e+00,5.668900012969970703e+00,7.595819950103759766e+00,3.446490049362182617e+00,2.474129915237426758e+00,7.900149822235107422e+00,4.890399932861328125e+00,1.607360005378723145e+00,2.545969963073730469e+00,3.390490055084228516e+00,4.956940174102783203e+00,2.154789924621582031e+00,5.657020092010498047e+00,5.669730186462402344e+00,2.036880016326904297e+00,4.727869987487792969e+00,1.050930023193359375e+00,2.133470058441162109e+00,2.588809967041015625e+00,4.183030128479003906e+00,7.946209907531738281e+00
3.762900114059448242e+00,5.396619796752929688e+00,2.741329908370971680e+00,4.122839927673339844e+00,3.940249919891357422e+00,2.897079944610595703e+00,8.265899658203125000e+00,2.162090063095092773e+00,4.403309822082519531e+00,4.162749767303466797e+00,3.702209949493408203e+00,1.346009969711303711e+00,2.866300106048583984e+00,3.737309932708740234e+00,5.214200019836425781e+00,4.066520214080810547e+00,3.678989887237548828e+00,4.225220203399658203e+00,4.009590148925781250e+00,2.685359954833984375e+00,6.008170127868652344e+00,2.472719907760620117e+00,3.183120012283325195e+00,3.967619895935058594e+00,1.495409965515136719e+00,3.254209995269775391e+00,4.704820156097412109e+00,7.821229934692382812e+00,3.035900115966796875e+00,5.699079990386962891e+00,7.684090137481689453e+00,2.549420118331909180e+00,2.231669902801513672e+00,7.512690067291259766e+00,4.170670032501220703e+00,1.591150045394897461e+00,2.526619911193847656e+00,3.068049907684326172e+00,4.666349887847900391e+00,2.146670103073120117e+00,5.010930061340332031e+00,4.866930007934570312e+00,1.838070034980773926e+00,4.736259937286376953e+00,1.619979977607727051e+00,1.880900025367736816e+00,2.677989959716796875e+00,4.630270004272460938e+00,6.644519805908203125e+00
3.158629894256591797e+00,4.306560039520263672e+00,2.382309913635253906e+00,3.953059911727905273e+00,3.882460117340087891e+00,2.979340076446533203e+00,8.224740028381347656e+00,1.833660006523132324e+00,4.031939983367919922e+00,3.644570112228393555e+00,3.919120073318481445e+00,2.843029975891113281e+00,2.698930025100708008e+00,3.310960054397583008e+00,3.043560028076171875e+00,3.465539932250976562e+00,3.274909973144531250e+00,3.849440097808837891e+00,3.787940025329589844e+00,2.409090042114257812e+00,5.645510196685791016e+00,2.316040039062500000e+00,2.875430107116699219e+00,3.833009958267211914e+00,1.818179965019226074e+00,2.502860069274902344e+00,5.294119834899902344e+00,6.964109897613525391e+00,2.317960023880004883e+00,5.646470069885253906e+00,6.971620082855224609e+00,2.239200115203857422e+00,2.006180047988891602e+00,6.225830078125000000e+00,4.429180145263671875e+00,1.583520054817199707e+00,2.063889980316162109e+00,4.011849880218505859e+00,3.955569982528686523e+00,2.257100105285644531e+00,4.248960018157958984e+00,4.619369983673095703e+00,1.770900011062622070e+00,4.345499992370605469e+00,1.299759984016418457e+00,1.882310032844543457e+00,2.484050035476684570e+00,3.628149986267089844e+00,7.512790203094482422e+00
2.808209896087646484e+00,3.640810012817382812e+00,2.419229984283447266e+00,3.965840101242065430e+00,3.690109968185424805e+00,2.470139980316162109e+00,7.520929813385009766e+00,1.358229994773864746e+00,3.868809938430786133e+00,3.475480079650878906e+00,4.181570053100585938e+00,2.836950063705444336e+00,2.350389957427978516e+00,2.984740018844604492e+00,2.994780063629150391e+00,2.615580081939697266e+00,3.129400014877319336e+00,3.353940010070800781e+00,3.145469903945922852e+00,2.036499977111816406e+00,4.660739898681640625e+00,2.314330101013183594e+00,2.337640047073364258e+00,3.273159980773925781e+00,1.602319955825805664e+00,2.135730028152465820e+00,5.370369911193847656e+00,6.392010211944580078e+00,1.701699972152709961e+00,4.984039783477783203e+00,6.962160110473632812e+00,2.340070009231567383e+00,1.843209981918334961e+00,4.774859905242919922e+00,3.235739946365356445e+00,1.795670032501220703e+00,1.824620008468627930e+00,2.083650112152099609e+00,3.296430110931396484e+00,2.236160039901733398e+00,3.480999946594238281e+00,4.538380146026611328e+00,1.907510042190551758e+00,3.642019987106323242e+00,8.464530110359191895e-01,1.902670025825500488e+00,2.595599889755249023e+00,2.965009927749633789e+00,7.413790225982666016e+00
2.759069919586181641e+00,2.726200103759765625e+00,2.204600095748901367e+00,3.907020092010498047e+00,2.988359928131103516e+00,2.147380113601684570e+00,6.960529804229736328e+00,1.194010019302368164e+00,3.619309902191162109e+00,3.239490032196044922e+00,2.851939916610717773e+00,2.418960094451904297e+00,2.283710002899169922e+00,2.584880113601684570e+00,2.172369956970214844e+00,2.381210088729858398e+00,2.957509994506835938e+00,3.266649961471557617e+00,3.222490072250366211e+00,1.903589963912963867e+00,4.179689884185791016e+00,1.891909956932067871e+00,1.805099964141845703e+00,2.976010084152221680e+00,1.301290035247802734e+00,2.060080051422119141e+00,4.535289764404296875e+00,5.077290058135986328e+00,1.617679953575134277e+00,5.072879791259765625e+00,6.451610088348388672e+00,2.163759946823120117e+00,1.790699958801269531e+00,3.923700094223022461e+00,2.678369998931884766e+00,1.752969980239868164e+00,1.766810059547424316e+00,1.970129966735839844e+00,2.904059886932373047e+00,2.631809949874877930e+00,2.907910108566284180e+00,3.446460008621215820e+00,1.774240016937255859e+00,3.352149963378906250e+00,7.909399867057800293e-01,1.743960022926330566e+00,2.203720092773437500e+00,2.345609903335571289e+00,5.633800029754638672e+00
2.546679973602294922e+00,2.335210084915161133e+00,2.095249891281127930e+00,3.682440042495727539e+00,2.732820034027099609e+00,2.466860055923461914e+00,6.615300178527832031e+00,1.369539976119995117e+00,3.288850069046020508e+00,3.234989881515502930e+00,2.734970092773437500e+00,1.151690006256103516e+00,2.208100080490112305e+00,2.480459928512573242e+00,2.041369915008544922e+00,2.472670078277587891e+00,2.820509910583496094e+00,3.299870014190673828e+00,2.736949920654296875e+00,2.002789974212646484e+00,4.071269989013671875e+00,1.813879966735839844e+00,1.914659976959228516e+00,3.419009923934936523e+00,1.295959949493408203e+00,2.038640022277832031e+00,4.908380031585693359e+00,4.895949840545654297e+00,1.669260025024414062e+00,4.621640205383300781e+00,5.667850017547607422e+00,2.155220031738281250e+00,1.833899974822998047e+00,3.717859983444213867e+00,2.156250000000000000e+00,1.604320049285888672e+00,1.687870025634765625e+00,2.198210000991821289e+00,3.278579950332641602e+00,1.992140054702758789e+00,3.016740083694458008e+00,3.487179994583129883e+00,1.401870012283325195e+00,3.229079961776733398e+00,7.696250081062316895e-01,1.611539959907531738e+00,2.263479948043823242e+00,2.025810003280639648e+00,5.327869892120361328e+00
2.487720012664794922e+00,1.998579978942871094e+00,1.996299982070922852e+00,3.662630081176757812e+00,2.658269882202148438e+00,2.292380094528198242e+00,6.550449848175048828e+00,9.589149951934814453e-01,3.177289962768554688e+00,2.747580051422119141e+00,2.649310111999511719e+00,1.764709949493408203e+00,1.951130032539367676e+00,2.082109928131103516e+00,1.854480028152465820e+00,2.181459903717041016e+00,2.465240001678466797e+00,3.151299953460693359e+00,2.748790025711059570e+00,2.031820058822631836e+00,3.468810081481933594e+00,1.762869954109191895e+00,1.573169946670532227e+00,3.521780014038085938e+00,1.546180009841918945e+00,1.816740036010742188e+00,4.375569820404052734e+00,4.373539924621582031e+00,1.694260001182556152e+00,4.786310195922851562e+00,5.027180194854736328e+00,2.332520008087158203e+00,1.658190011978149414e+00,2.974169969558715820e+00,1.779479980468750000e+00,1.526160001754760742e+00,1.673060059547424316e+00,1.982650041580200195e+00,2.866669893264770508e+00,1.513489961624145508e+00,2.900890111923217773e+00,3.161649942398071289e+00,1.424020051956176758e+00,2.901530027389526367e+00,8.227850198745727539e-01,1.605209946632385254e+00,1.865739941596984863e+00,1.400159955024719238e+00,2.631580114364624023e+00
2.298399925231933594e+00,2.032020092010498047e+00,2.580140113830566406e+00,3.537780046463012695e+00,2.637690067291259766e+00,2.212539911270141602e+00,4.994190216064453125e+00,7.469580173492431641e-01,3.182719945907592773e+00,2.527810096740722656e+00,1.856320023536682129e+00,1.396090030670166016e+00,1.727249979972839355e+00,1.845270037651062012e+00,1.643110036849975586e+00,1.619120001792907715e+00,2.132770061492919922e+00,2.767659902572631836e+00,2.286520004272460938e+00,1.672899961471557617e+00,2.655359983444213867e+00,9.286599755287170410e-01,1.325580000877380371e+00,3.048979997634887695e+00,7.101839780807495117e-01,1.612400054931640625e+00,4.873879909515380859e+00,3.513750076293945312e+00,1.702939987182617188e+00,3.605380058288574219e+00,4.755589962005615234e+00,2.215699911117553711e+00,1.471840023994445801e+00,2.468019962310791016e+00,2.163120031356811523e+00,2.063050031661987305e+00,1.344650030136108398e+00,1.711709976196289062e+00,2.007920026779174805e+00,1.587489962577819824e+00,2.646019935607910156e+00,2.788409948348999023e+00,1.330780029296875000e+00,2.410789966583251953e+00,7.300639748573303223e-01,1.436259984970092773e+00,1.943889975547790527e+00,1.194249987602233887e+00,5.944519996643066406e+00
0.000000000000000000e+00,0.000000000000000000e+00,0.000000000000000000e+00,0.000000000000000000e+00,0.000000000000000000e+00,0.000000000000000000e+00,0.000000000000000000e+00,0.000000000000000000e+00,0.000000000000000000e+00,0.000000000000000000e+00,0.000000000000000000e+00,0.000000000000000000e+00,0.000000000000000000e+00,0.000000000000000000e+00,0.000000000000000000e+00,0.000000000000000000e+00,0.000000000000000000e+00,0.000000000000000000e+00,0.000000000000000000e+00,0.000000000000000000e+00,0.000000000000000000e+00,0.000000000000000000e+00,0.000000000000000000e+00,0.000000000000000000e+00,0.000000000000000000e+00,0.000000000000000000e+00,0.000000000000000000e+00,0.000000000000000000e+00,0.000000000000000000e+00,0.000000000000000000e+00,0.000000000000000000e+00,0.000000000000000000e+00,0.000000000000000000e+00,0.000000000000000000e+00,0.000000000000000000e+00,0.000000000000000000e+00,0.000000000000000000e+00,0.000000000000000000e+00,0.000000000000000000e+00,0.000000000000000000e+00,0.000000000000000000e+00,0.000000000000000000e+00,0.000000000000000000e+00,0.000000000000000000e+00,0.000000000000000000e+00,0.000000000000000000e+00,0.000000000000000000e+00,0.000000000000000000e+00,0.000000000000000000e+00
